Path,Conversion,Conversion_value
1 > 1 > 1 > 20 ,1,19.106171783020756
1 > 1 > 12 > 12 ,1,20.793225101677827
1 > 1 > 14 > 13 > 12 > 20 ,1,24.56050061860363
1 > 1 > 3 > 13 > 3 > 20 ,1,17.18982275308893
1 > 1 > 3 > 17 > 17 ,1,20.426126004159602
1 > 1 > 6 > 1 > 12 > 20 > 12 ,1,22.79499646107659
1 > 1 > 8 > 1 > 20 > 8 ,1,16.38846455878495
1 > 10 > 10 > 3 > 20 > 11 > 3 ,1,18.631270988505836
1 > 10 > 12 > 13 > 14 > 16 > 20 ,1,23.918671240386217
1 > 10 > 14 > 13 > 20 ,1,16.614188078170212
1 > 10 > 2 > 14 > 13 > 20 ,1,21.033663577602326
1 > 10 > 20 ,1,24.145574968761895
1 > 10 > 4 > 17 ,1,16.593319123621303
1 > 10 > 6 > 14 > 20 ,1,19.352931870000898
1 > 10 > 6 > 17 > 20 ,1,26.063553096158966
1 > 10 > 7 > 11 > 5 > 4 > 20 ,1,19.241479605337155
1 > 10 > 9 > 16 > 15 > 17 > 20 ,1,26.733676381675057
1 > 10 > 9 > 20 ,1,24.259482908405353
1 > 11 > 8 > 4 > 9 ,1,11.424961205826538
1 > 12 > 13 > 20 ,1,21.80464654128224
1 > 12 > 15 > 20 ,1,15.799378694067773
1 > 12 > 2 > 9 > 8 > 2 > 12 > 12 ,1,17.466726915958034
1 > 12 > 3 ,1,17.940262437465634
1 > 13 > 12 > 17 > 9 ,1,15.60108936171097
1 > 13 > 13 > 20 ,1,19.953205912921064
1 > 13 > 20 ,1,15.237525614043903
1 > 13 > 3 > 10 > 20 ,1,29.3572704864972
1 > 14 > 12 > 17 > 20 ,1,22.477338925906665
1 > 15 > 12 > 7 > 20 ,1,20.228622034967206
1 > 15 > 20 ,1,19.83048544177228
1 > 15 > 5 > 20 ,1,22.492927090689687
1 > 16 > 17 > 20 > 1 ,1,17.953210788372655
1 > 16 > 20 ,3,55.48314573628003
1 > 16 > 3 > 20 ,1,20.059320791325096
1 > 17 > 20 > 14 ,1,23.86781187812334
1 > 17 > 4 > 20 ,1,28.815273971474824
1 > 2 ,1,18.368411588990927
1 > 2 > 10 > 13 > 20 ,1,15.17359081487095
1 > 2 > 10 > 9 > 13 ,1,31.822605810335403
1 > 2 > 13 > 14 > 20 ,1,20.80151630435246
1 > 2 > 13 > 4 > 11 > 10 > 3 > 12 > 14 > 16 > 2 > 20 ,1,18.769516760451882
1 > 2 > 16 > 20 ,1,18.216012046414196
1 > 2 > 2 > 10 > 1 > 20 ,1,25.59078398245915
1 > 2 > 20 ,4,67.80246541737034
1 > 2 > 20 > 17 ,1,25.511521053942033
1 > 2 > 3 > 14 > 9 > 16 > 8 > 4 ,1,17.145857905425
1 > 2 > 3 > 20 ,1,18.78110701514759
1 > 2 > 4 > 6 > 15 > 16 > 17 > 20 ,1,13.594203699413052
1 > 2 > 4 > 6 > 9 > 10 > 11 > 12 > 13 > 14 > 20 ,1,24.065702105730786
1 > 2 > 4 > 8 > 8 > 13 > 16 > 20 ,1,22.567247643487892
1 > 2 > 5 > 9 > 12 > 15 > 13 > 20 ,1,19.31393616553266
1 > 2 > 6 > 4 > 6 > 17 ,1,16.81769621946592
1 > 20 ,7,144.9423163613204
1 > 20 > 1 > 3 > 1 ,1,23.824085084990944
1 > 20 > 16 ,1,19.286223090141327
1 > 20 > 3 > 8 > 7 ,1,13.797772331926593
1 > 20 > 6 > 1 ,1,21.525470354559385
1 > 20 > 8 ,1,17.317648184971006
1 > 20 > 9 ,1,21.211014670774585
1 > 3 > 11 > 20 ,1,13.695383385436989
1 > 3 > 13 > 15 > 16 > 9 > 12 > 17 > 17 > 9 > 20 ,1,20.648953350464893
1 > 3 > 16 ,2,44.79346231916694
1 > 3 > 16 > 10 ,1,20.697255423174266
1 > 3 > 18 > 20 ,1,13.730005438203158
1 > 3 > 20 > 16 ,1,23.154785058907546
1 > 3 > 4 > 13 > 20 ,1,13.898144551415111
1 > 3 > 7 > 1 > 9 > 15 > 12 > 20 ,1,19.305616050178664
1 > 3 > 7 > 3 > 2 > 20 ,1,24.930563873503722
1 > 3 > 8 > 9 > 20 ,1,23.77851668210389
1 > 3 > 9 > 10 > 20 ,1,20.148401783160747
1 > 3 > 9 > 11 > 20 ,1,14.335016984302989
1 > 3 > 9 > 15 > 8 > 9 > 10 > 13 > 11 > 13 > 20 ,1,22.808428244812276
1 > 3 > 9 > 20 ,1,20.883403292280615
1 > 4 > 10 > 20 ,1,19.79728098904587
1 > 4 > 12 > 20 ,1,18.734698747418033
1 > 4 > 13 > 2 > 4 > 10 > 13 > 8 ,1,25.056434709449512
1 > 4 > 13 > 20 ,2,29.134040363604463
1 > 4 > 13 > 8 > 20 ,1,20.601279227406454
1 > 4 > 17 > 20 ,1,25.143700219171468
1 > 4 > 20 > 16 ,1,15.960150240601289
1 > 4 > 3 > 11 ,1,16.74612330925656
1 > 4 > 5 > 7 > 8 > 11 > 13 > 14 > 17 > 19 > 20 ,1,17.982530927393412
1 > 4 > 6 > 11 > 12 > 13 > 14 > 15 > 16 > 20 ,1,23.53958473127815
1 > 4 > 6 > 14 > 15 > 3 > 14 > 20 ,1,22.532102682928876
1 > 4 > 6 > 7 > 20 ,1,21.275764814803203
1 > 4 > 9 > 10 > 12 > 20 ,1,24.394152855760794
1 > 4 > 9 > 10 > 20 ,1,12.726838892488
1 > 4 > 9 > 16 > 20 ,1,29.455596619932884
1 > 4 > 9 > 20 > 4 > 8 ,1,24.80063576222681
1 > 4 > 9 > 4 > 15 ,1,22.86815011100243
1 > 5 > 20 ,1,19.640242711249076
1 > 5 > 4 > 2 > 16 > 4 ,1,23.57182689764729
1 > 5 > 7 > 8 > 14 > 20 ,1,9.606239747335852
1 > 6 > 10 > 13 > 16 > 20 > 11 ,1,18.44565108892506
1 > 6 > 12 > 13 > 20 ,1,9.142454121540995
1 > 6 > 16 > 20 ,1,19.27853848280935
1 > 6 > 17 > 10 > 20 ,1,21.056823031044708
1 > 6 > 4 > 20 ,1,11.394731234422416
1 > 6 > 5 > 10 ,1,15.51088912284457
1 > 6 > 7 > 15 > 9 > 20 ,1,19.81283899049241
1 > 6 > 8 > 7 ,1,14.348414319824197
1 > 7 > 9 > 20 ,1,20.513483920675785
1 > 8 > 10 > 17 > 20 ,1,20.519739699991703
1 > 8 > 10 > 20 ,1,23.64011151751344
1 > 8 > 12 > 13 > 8 > 12 > 7 ,1,16.672105924175
1 > 8 > 13 > 15 > 20 ,1,16.570469861654068
1 > 8 > 16 > 20 ,1,23.288120838255523
1 > 8 > 20 ,1,14.828147814642865
1 > 8 > 3 > 9 > 17 > 16 > 20 ,1,24.123902286563048
1 > 9 > 10 > 20 ,1,15.892925122278095
1 > 9 > 11 ,1,18.954325476595567
1 > 9 > 11 > 4 > 5 > 9 > 3 > 7 > 10 > 12 > 16 > 17 > 20 ,1,18.54934740327228
1 > 9 > 16 > 20 ,1,27.6373666622345
1 > 9 > 20 ,2,37.42425009409874
1 > 9 > 20 > 11 > 9 ,1,18.58746450820623
1 > 9 > 8 > 16 > 20 ,1,12.67368745569069
10 > 1 > 13 ,1,21.654338541609587
10 > 1 > 16 > 15 > 20 ,1,23.220835418845073
10 > 1 > 17 > 20 ,1,13.918308891931225
10 > 1 > 2 > 3 > 16 > 15 > 13 > 14 > 20 ,1,23.74424765440911
10 > 1 > 2 > 4 > 5 > 13 > 14 > 16 > 20 ,1,23.217886318969743
10 > 1 > 2 > 4 > 5 > 6 > 11 > 13 ,1,17.15287313004847
10 > 1 > 2 > 7 > 8 > 5 > 15 > 20 ,1,15.21620512917633
10 > 1 > 3 > 16 > 14 > 4 > 11 > 17 > 20 > 6 ,1,35.90275237428784
10 > 1 > 3 > 4 > 11 > 13 > 9 > 20 ,1,28.771372090746354
10 > 1 > 3 > 4 > 5 > 11 > 20 ,1,20.438040643496812
10 > 1 > 3 > 7 > 8 > 9 > 5 > 12 > 4 > 16 > 20 ,1,13.05847034932185
10 > 1 > 4 > 20 ,2,29.28833032815654
10 > 1 > 4 > 5 > 12 > 13 ,1,16.999503944824802
10 > 1 > 4 > 5 > 13 > 17 > 20 ,1,16.981542035099366
10 > 1 > 5 > 12 > 20 ,1,18.525840546017378
10 > 1 > 7 > 9 > 17 > 20 ,1,25.543141790602647
10 > 1 > 8 > 20 ,1,20.37036071839786
10 > 1 > 9 ,1,20.33707872648042
10 > 1 > 9 > 11 > 12 > 20 ,1,23.19626324470954
10 > 1 > 9 > 11 > 7 > 16 > 17 > 20 ,1,24.636393439557644
10 > 1 > 9 > 15 > 20 ,1,18.976516066783493
10 > 10 > 1 > 1 > 13 > 12 > 20 ,1,18.640991770162394
10 > 10 > 1 > 20 ,1,23.672090342937008
10 > 10 > 1 > 20 > 16 ,1,23.602249774152245
10 > 10 > 11 > 1 > 20 ,1,19.769136897250473
10 > 10 > 14 > 14 > 20 ,1,21.87493054405263
10 > 10 > 16 > 20 ,1,30.802118000793257
10 > 10 > 17 > 20 ,1,21.304772388847777
10 > 10 > 20 ,2,45.921654866482186
10 > 10 > 3 > 4 > 9 > 17 > 15 > 13 ,1,27.168752902629066
10 > 10 > 6 > 4 > 13 > 20 ,1,20.226221700258616
10 > 11 > 1 > 2 > 3 > 1 > 2 > 4 > 9 > 3 > 11 > 9 > 11 > 20 ,1,10.914747694236627
10 > 11 > 1 > 3 > 5 > 20 ,1,19.3887626232504
10 > 11 > 10 > 11 > 10 > 11 ,1,15.75880736253719
10 > 11 > 10 > 4 > 10 > 9 > 12 > 13 > 20 ,1,19.7129579614601
10 > 11 > 12 > 13 > 4 > 17 > 20 ,1,25.92699868132126
10 > 11 > 12 > 20 ,1,24.994402861443916
10 > 11 > 12 > 4 > 20 ,1,21.81127798651757
10 > 11 > 13 ,1,18.614530650503312
10 > 11 > 13 > 10 > 20 > 16 ,1,26.150745239836414
10 > 11 > 13 > 12 > 14 > 9 > 20 > 2 ,1,21.519592676880674
10 > 11 > 13 > 14 > 4 > 20 ,1,20.561320557600595
10 > 11 > 13 > 4 > 9 > 11 > 4 > 13 > 16 ,1,13.660898844269548
10 > 11 > 14 > 4 > 5 > 16 > 17 ,1,20.40625747171082
10 > 11 > 15 > 11 > 16 > 20 ,1,18.84096062998765
10 > 11 > 16 ,1,22.679745607938077
10 > 11 > 16 > 17 ,1,18.883554103204546
10 > 11 > 16 > 20 ,2,40.43039769912616
10 > 11 > 17 > 16 > 4 ,1,18.192225646637745
10 > 11 > 2 > 1 > 12 > 11 > 13 > 4 > 13 > 16 > 15 > 16 > 20 ,1,22.70250257217559
10 > 11 > 20 ,7,132.54712307880678
10 > 11 > 20 > 13 ,1,26.562486453847455
10 > 11 > 20 > 15 ,1,18.877075475145887
10 > 11 > 20 > 9 ,1,27.13665919737197
10 > 11 > 3 ,1,28.616397832742003
10 > 11 > 4 > 1 ,1,16.59750795050311
10 > 11 > 4 > 10 > 1 > 4 > 12 > 16 ,1,18.31295332405
10 > 11 > 4 > 12 > 14 > 13 > 15 > 20 ,1,18.280585519639615
10 > 11 > 4 > 13 > 16 > 20 > 17 ,1,10.845413228999497
10 > 11 > 4 > 13 > 9 > 20 ,1,18.947055138454388
10 > 11 > 4 > 16 > 13 > 20 ,2,37.987121690599174
10 > 11 > 4 > 17 > 20 ,1,20.404436464433882
10 > 11 > 4 > 2 > 3 > 12 > 19 ,1,22.89466699918876
10 > 11 > 4 > 20 ,2,40.926455784784025
10 > 11 > 4 > 3 > 9 > 11 > 20 ,1,19.614191466104963
10 > 11 > 4 > 5 ,1,14.53884806439916
10 > 11 > 4 > 8 > 16 > 15 > 9 > 20 ,1,20.08027611618125
10 > 11 > 4 > 9 > 11 > 13 > 1 > 2 > 20 ,1,22.68691080716398
10 > 11 > 5 > 3 > 13 > 6 > 8 > 9 > 16 > 17 ,1,25.6300751905603
10 > 11 > 5 > 3 > 20 > 16 ,1,27.202987369450604
10 > 11 > 6 > 5 > 13 > 19 > 20 ,1,11.787206579079442
10 > 11 > 7 ,1,20.594265594039502
10 > 11 > 7 > 20 ,1,25.45844921828394
10 > 11 > 7 > 6 > 5 > 14 > 9 > 4 > 13 > 16 > 17 ,1,12.233775113979421
10 > 11 > 8 > 4 > 9 > 11 > 20 ,1,19.887371653298207
10 > 11 > 8 > 7 > 15 ,1,20.156079458425463
10 > 11 > 9 > 13 > 20 ,1,14.255289225000915
10 > 11 > 9 > 4 > 3 > 1 > 15 > 20 ,1,27.864934215053065
10 > 11 > 9 > 4 > 9 > 7 > 3 > 20 ,1,17.541127327191486
10 > 12 > 10 > 10 > 20 ,1,20.350116400786863
10 > 12 > 10 > 15 > 15 > 12 > 20 ,1,28.2561907667823
10 > 12 > 11 > 20 ,1,23.4136729456678
10 > 12 > 12 > 20 ,1,28.45495007378373
10 > 12 > 13 > 10 > 4 > 20 ,1,24.56583780604315
10 > 12 > 13 > 14 > 20 ,1,27.257238137633674
10 > 12 > 13 > 14 > 7 > 6 > 3 > 15 > 16 > 20 ,1,14.648386962773712
10 > 12 > 16 > 20 ,1,23.20219215318918
10 > 12 > 2 > 4 > 20 ,1,21.032447768703953
10 > 12 > 20 ,3,52.95977614003
10 > 12 > 3 > 13 > 16 > 20 ,1,26.2507296807129
10 > 12 > 4 > 11 > 20 > 3 > 1 > 9 > 15 ,1,12.5642466007781
10 > 12 > 4 > 3 > 20 ,1,22.2163379581149
10 > 12 > 9 > 20 > 9 ,1,18.602818610413227
10 > 13 ,2,33.76865142093638
10 > 13 > 1 > 7 > 20 ,1,20.608085276562086
10 > 13 > 10 > 11 > 7 > 8 > 4 > 13 > 16 > 13 > 20 ,1,15.144862057328119
10 > 13 > 12 > 4 > 14 > 9 > 3 > 17 > 20 ,1,19.457758742254
10 > 13 > 12 > 9 > 3 > 2 > 6 > 5 > 4 > 16 > 15 > 11 > 20 ,1,13.431887644264041
10 > 13 > 14 > 10 > 14 > 13 ,1,21.135165501041296
10 > 13 > 14 > 20 ,1,13.687660392696
10 > 13 > 14 > 4 > 16 > 5 > 6 ,1,15.087988977253518
10 > 13 > 15 > 17 > 20 ,1,18.008217705944812
10 > 13 > 15 > 20 ,2,43.56417298657733
10 > 13 > 15 > 4 ,1,24.02937970971128
10 > 13 > 16 > 17 > 2 > 20 ,1,28.295725240453528
10 > 13 > 16 > 20 ,1,23.072914582215173
10 > 13 > 16 > 20 > 13 ,1,14.949217992500046
10 > 13 > 16 > 4 > 9 > 8 > 7 ,1,13.865381411379932
10 > 13 > 17 > 16 > 20 ,1,23.019746083083685
10 > 13 > 2 > 1 > 13 > 20 ,1,12.174638369161874
10 > 13 > 2 > 4 > 9 > 6 > 12 > 14 > 20 ,1,22.66916527439133
10 > 13 > 20 ,12,256.4488873012283
10 > 13 > 20 > 15 ,1,18.8726554245095
10 > 13 > 3 > 9 > 20 ,1,22.41479729624763
10 > 13 > 3 > 9 > 4 > 17 > 20 ,1,12.882825453475338
10 > 13 > 4 > 17 > 20 ,1,17.034571331746452
10 > 13 > 4 > 20 ,2,36.045829995559906
10 > 13 > 4 > 5 > 6 > 7 > 8 > 2 > 9 > 11 > 14 ,1,25.811842315923315
10 > 13 > 4 > 6 > 9 > 16 > 8 > 20 ,1,26.636741852302595
10 > 13 > 4 > 9 > 16 > 15 > 17 > 10 ,1,21.832175222052125
10 > 13 > 5 ,1,23.811290805601146
10 > 13 > 5 > 16 > 20 ,1,13.412466166720737
10 > 13 > 6 > 12 > 4 > 16 ,1,22.65222565767754
10 > 13 > 8 > 20 ,1,24.524825892251794
10 > 13 > 9 > 2 > 16 > 20 ,1,21.477985724345313
10 > 14 > 10 > 9 > 3 > 14 > 16 > 20 ,1,19.133321824157946
10 > 14 > 12 > 17 > 20 ,1,10.731717771202147
10 > 14 > 16 > 13 > 2 > 20 ,1,22.99631392817018
10 > 14 > 16 > 20 ,1,20.79009123330663
10 > 14 > 20 ,1,7.503381682224406
10 > 14 > 4 > 20 ,1,20.62700537748057
10 > 14 > 5 > 14 > 20 ,1,19.837624757907296
10 > 14 > 6 > 20 ,1,12.318014874958292
10 > 14 > 9 > 20 ,2,33.88708251409683
10 > 15 > 13 > 11 > 16 > 14 > 20 ,1,29.219298441922277
10 > 15 > 13 > 16 > 20 ,1,23.297087038414716
10 > 15 > 20 ,1,19.844734041868016
10 > 16 ,4,81.80407626207642
10 > 16 > 1 > 4 > 5 > 7 > 9 > 15 > 13 > 20 ,1,20.251989625459643
10 > 16 > 15 > 13 > 20 ,1,27.216809529831522
10 > 16 > 16 > 20 > 10 ,1,13.70690954608607
10 > 16 > 17 > 15 > 20 ,1,14.078814692296202
10 > 16 > 20 ,5,87.27741828048708
10 > 16 > 3 > 20 ,2,45.81189180748134
10 > 16 > 3 > 4 > 11 > 8 > 13 > 15 ,1,17.64826554376341
10 > 16 > 3 > 4 > 16 ,1,26.295307072911303
10 > 16 > 3 > 4 > 5 > 11 > 9 > 15 > 1 > 12 > 13 > 12 > 17 > 16 > 20 ,1,25.59040801486464
10 > 16 > 6 > 7 ,1,16.6857439801979
10 > 16 > 6 > 7 > 1 > 2 > 13 > 6 ,1,28.574703725899916
10 > 17 > 11 > 20 ,1,16.50801068206821
10 > 17 > 15 > 14 ,1,23.562269459724305
10 > 17 > 20 ,1,21.057123204621924
10 > 17 > 3 > 8 > 20 > 17 ,1,14.351106582470731
10 > 17 > 4 > 5 > 11 > 9 > 13 > 20 ,1,15.557903461998915
10 > 19 > 10 > 17 > 20 ,1,21.800396360241802
10 > 19 > 11 > 9 > 1 > 20 ,1,17.168657359840985
10 > 19 > 3 > 20 ,1,17.41443784760512
10 > 19 > 5 > 13 ,1,24.193218044730248
10 > 19 > 8 > 20 ,1,14.530021624200995
10 > 2 > 1 > 11 ,1,16.01919880086054
10 > 2 > 1 > 11 > 9 > 20 ,1,18.677188365459447
10 > 2 > 1 > 16 > 20 > 2 ,1,27.059980204887793
10 > 2 > 1 > 3 > 9 > 11 > 5 > 6 > 7 > 8 > 12 > 13 > 20 ,1,18.836473106099945
10 > 2 > 10 > 20 ,1,14.028067813394674
10 > 2 > 10 > 9 > 4 ,1,18.150326988107174
10 > 2 > 11 > 13 > 1 > 4 > 12 ,1,16.55255591838328
10 > 2 > 11 > 4 ,1,9.794400951120142
10 > 2 > 13 > 20 ,1,17.0835829130689
10 > 2 > 2 > 13 ,1,14.327178250683685
10 > 2 > 20 > 6 > 4 > 2 ,1,16.95394870271485
10 > 2 > 3 > 1 > 8 > 11 > 13 > 9 > 16 > 20 ,1,15.942515816577021
10 > 2 > 3 > 11 > 5 > 4 > 20 > 16 ,1,28.598120193267974
10 > 2 > 3 > 13 > 16 > 15 > 17 > 20 ,1,17.853317378383462
10 > 2 > 3 > 20 > 15 ,1,24.82698664003872
10 > 2 > 3 > 9 > 11 > 9 > 4 > 20 ,1,21.039520275396846
10 > 2 > 4 > 10 > 12 > 20 ,1,14.92809397724352
10 > 2 > 4 > 3 > 17 > 13 > 12 > 20 ,1,17.972146744490313
10 > 2 > 4 > 9 > 20 ,1,18.424099968834422
10 > 2 > 5 > 20 > 16 ,1,23.27590294572606
10 > 2 > 5 > 6 > 16 > 20 ,1,20.835827123515998
10 > 2 > 9 > 3 > 5 > 4 > 11 ,1,19.35576415682222
10 > 2 > 9 > 4 ,1,10.901293213650847
10 > 20 ,9,205.3290834515928
10 > 20 > 1 > 4 > 14 ,1,19.993813488481
10 > 20 > 1 > 9 > 15 ,1,16.905132738594567
10 > 20 > 12 ,1,20.220916085550165
10 > 20 > 13 ,1,37.82653414265992
10 > 20 > 15 ,1,17.33754750353647
10 > 20 > 16 ,2,37.908885851163674
10 > 20 > 16 > 4 ,1,14.490534679655829
10 > 20 > 17 ,1,23.636972743191112
10 > 20 > 3 > 6 > 6 > 10 > 14 > 6 > 3 > 10 ,1,25.76878153654131
10 > 20 > 4 ,2,41.21690645791987
10 > 20 > 9 ,2,28.003186397788582
10 > 3 > 1 > 3 > 4 > 9 > 13 > 16 > 17 ,1,17.72379783239251
10 > 3 > 1 > 9 > 4 > 5 > 11 > 12 > 13 > 16 > 20 ,1,14.163442665464128
10 > 3 > 11 > 13 > 14 > 6 > 7 > 9 > 4 > 16 > 15 > 17 > 20 ,1,23.343947454512417
10 > 3 > 11 > 4 ,1,13.732237831731165
10 > 3 > 11 > 4 > 20 ,1,28.73841541184368
10 > 3 > 11 > 4 > 9 > 16 > 20 ,1,17.706009000868743
10 > 3 > 11 > 6 > 4 > 16 > 20 ,1,28.558392880463238
10 > 3 > 13 > 14 > 16 > 20 ,1,18.462999842176096
10 > 3 > 13 > 2 > 20 ,1,22.031907867482413
10 > 3 > 15 > 20 > 13 ,1,21.94986030974832
10 > 3 > 16 ,1,12.231474622351836
10 > 3 > 16 > 11 > 20 ,1,15.846285071838578
10 > 3 > 16 > 14 > 7 > 4 > 1 ,1,16.823101834221116
10 > 3 > 16 > 17 > 15 ,1,16.654261122298465
10 > 3 > 2 > 13 > 20 ,1,21.884847324275494
10 > 3 > 20 ,5,102.21768573661446
10 > 3 > 20 > 1 ,1,25.66570008539933
10 > 3 > 20 > 9 ,1,24.73925267016064
10 > 3 > 4 > 13 ,1,22.916821920422496
10 > 3 > 4 > 13 > 16 ,1,18.209509458976775
10 > 3 > 4 > 16 > 17 > 15 > 20 ,1,13.491864145268886
10 > 3 > 4 > 20 ,3,60.025564068209164
10 > 3 > 4 > 20 > 17 > 16 > 14 ,1,20.624750398743657
10 > 3 > 4 > 6 > 20 ,1,15.955935210332138
10 > 3 > 4 > 8 > 20 ,1,18.767000578720516
10 > 3 > 4 > 9 ,1,25.655898750872936
10 > 3 > 4 > 9 > 17 > 20 ,1,18.341640687781403
10 > 3 > 4 > 9 > 20 ,1,25.59323680021267
10 > 3 > 5 > 4 > 13 > 16 > 20 ,1,15.24905338822899
10 > 3 > 5 > 4 > 20 ,1,21.473599053886268
10 > 3 > 5 > 4 > 9 > 20 ,1,19.482968165644355
10 > 3 > 5 > 6 > 4 > 9 > 17 > 20 ,1,19.689613936592767
10 > 3 > 5 > 6 > 7 ,1,12.611195135891993
10 > 3 > 5 > 9 > 11 > 13 > 16 ,1,23.40463834535282
10 > 3 > 6 > 13 > 11 > 14 > 4 > 20 ,1,18.74878685558143
10 > 3 > 8 > 20 ,1,18.673825018528007
10 > 3 > 9 ,1,18.59227781141441
10 > 3 > 9 > 1 ,1,13.363318122817615
10 > 3 > 9 > 13 > 13 > 20 ,1,14.164000226570469
10 > 3 > 9 > 16 > 15 > 20 ,1,24.749404316941387
10 > 3 > 9 > 20 ,1,29.30983003573873
10 > 3 > 9 > 4 ,1,13.475109430818733
10 > 3 > 9 > 4 > 11 > 9 > 20 ,1,26.456036970836088
10 > 3 > 9 > 4 > 16 > 20 ,1,24.37154312629892
10 > 3 > 9 > 4 > 20 ,2,37.844509516321466
10 > 3 > 9 > 6 > 20 ,1,17.181714092976257
10 > 3 > 9 > 7 > 5 > 4 > 13 > 16 > 10 > 20 ,1,20.198694201781443
10 > 3 > 9 > 9 > 20 ,1,20.82634288227925
10 > 4 ,2,39.4529046922901
10 > 4 > 1 > 11 > 5 > 4 > 16 > 17 > 20 ,1,19.466868047076026
10 > 4 > 1 > 13 > 12 > 20 ,1,29.493750962702446
10 > 4 > 1 > 16 > 2 > 1 > 16 > 17 > 14 > 4 > 16 > 20 ,1,23.6495887796002
10 > 4 > 1 > 9 > 16 > 20 ,1,19.38006266336241
10 > 4 > 10 > 6 > 13 ,1,20.01300558004841
10 > 4 > 11 ,1,16.928733493903636
10 > 4 > 11 > 1 > 3 > 20 ,1,30.27088896831425
10 > 4 > 11 > 12 > 17 ,1,18.339782231674253
10 > 4 > 11 > 13 > 16 > 10 > 17 > 11 > 20 ,1,22.68525787191002
10 > 4 > 11 > 13 > 16 > 20 ,1,16.030802502702265
10 > 4 > 11 > 13 > 20 ,2,30.148444688339822
10 > 4 > 11 > 13 > 9 > 7 > 12 > 20 ,1,27.91350543273726
10 > 4 > 11 > 16 > 17 > 13 > 20 ,1,11.06448968083717
10 > 4 > 11 > 16 > 20 ,1,21.002942064353256
10 > 4 > 11 > 5 > 6 > 7 ,1,23.863840899455088
10 > 4 > 12 ,1,14.114159082697913
10 > 4 > 12 > 20 ,1,20.560651925864736
10 > 4 > 12 > 20 > 2 ,1,19.894685109520083
10 > 4 > 12 > 5 > 20 ,1,20.18105876004723
10 > 4 > 13 > 1 > 14 ,1,21.60382243446926
10 > 4 > 13 > 10 > 5 > 20 ,1,16.679968668673382
10 > 4 > 13 > 11 > 20 ,1,16.263193201770676
10 > 4 > 13 > 16 > 12 > 4 > 4 ,1,26.01125143644183
10 > 4 > 13 > 16 > 17 > 20 ,1,20.49075311270085
10 > 4 > 13 > 16 > 3 > 20 ,1,17.144793593578896
10 > 4 > 13 > 17 > 20 ,1,28.050530818256917
10 > 4 > 13 > 19 > 12 > 13 > 10 > 12 > 10 > 13 > 19 > 12 > 4 ,1,12.36176584679761
10 > 4 > 13 > 20 ,3,70.46346319379936
10 > 4 > 13 > 8 > 7 > 20 ,1,28.611188829537717
10 > 4 > 14 ,1,24.353733646553433
10 > 4 > 14 > 11 ,1,28.545435389619072
10 > 4 > 14 > 15 > 20 ,1,19.20352548951977
10 > 4 > 14 > 20 ,1,21.706179598976533
10 > 4 > 15 > 20 ,1,19.754522094843992
10 > 4 > 16 > 15 > 17 > 13 > 20 ,1,35.66626997403945
10 > 4 > 16 > 17 > 20 ,1,18.42459247859533
10 > 4 > 16 > 20 ,4,92.38672223475693
10 > 4 > 17 > 20 ,1,19.230763775145576
10 > 4 > 2 > 11 > 13 > 20 ,1,11.928486703371826
10 > 4 > 20 ,18,365.4308881590838
10 > 4 > 20 > 13 ,1,15.538804571526859
10 > 4 > 3 > 5 > 9 > 11 > 13 > 16 > 17 > 20 ,1,23.771870172555055
10 > 4 > 3 > 5 > 9 > 11 > 13 > 8 > 2 ,1,27.16043486318167
10 > 4 > 5 ,1,20.452540174977223
10 > 4 > 5 > 11 > 13 > 16 > 19 > 20 ,1,18.181787785985925
10 > 4 > 5 > 11 > 13 > 20 ,1,20.92647119882903
10 > 4 > 5 > 11 > 20 ,1,22.267953054237864
10 > 4 > 5 > 13 > 3 > 16 > 20 ,1,18.930591592381393
10 > 4 > 5 > 20 ,1,17.942783058180567
10 > 4 > 5 > 6 > 1 > 2 > 3 > 9 > 7 > 13 > 20 ,1,21.256040044655098
10 > 4 > 5 > 6 > 3 > 3 > 16 > 15 > 17 > 20 ,1,21.796373568650097
10 > 4 > 5 > 6 > 9 ,1,16.573508192938196
10 > 4 > 5 > 7 > 15 > 17 > 20 ,1,16.869805485614588
10 > 4 > 5 > 9 ,1,13.406007190257473
10 > 4 > 5 > 9 > 20 ,1,20.67272810120502
10 > 4 > 6 > 11 ,1,20.907283654966097
10 > 4 > 6 > 11 > 20 ,1,24.441450631553586
10 > 4 > 7 > 4 > 11 > 10 > 20 ,1,19.187598388949684
10 > 4 > 7 > 5 > 9 > 11 > 20 > 16 ,1,13.635943609246777
10 > 4 > 8 > 13 > 8 > 4 > 16 > 20 > 4 ,1,27.956810442308175
10 > 4 > 8 > 15 > 16 > 17 > 12 > 20 ,1,23.8210393653575
10 > 4 > 8 > 6 ,1,17.044503526613134
10 > 4 > 8 > 9 ,1,22.38724519254241
10 > 4 > 9 ,1,24.568361600559967
10 > 4 > 9 > 11 > 3 > 13 > 7 > 20 > 12 ,1,23.206022072975397
10 > 4 > 9 > 12 > 13 > 16 ,1,14.606051319290136
10 > 4 > 9 > 13 > 17 > 20 ,1,21.89836195949929
10 > 4 > 9 > 16 > 15 > 20 ,1,21.218032369411894
10 > 4 > 9 > 20 ,2,39.44584933622402
10 > 4 > 9 > 4 ,1,13.501408003984254
10 > 5 > 1 > 12 > 14 > 13 ,1,8.09115077267694
10 > 5 > 1 > 2 > 11 > 16 > 17 > 20 ,1,9.804859194503269
10 > 5 > 10 > 13 > 20 ,1,18.823150076151492
10 > 5 > 11 > 20 ,1,20.716990726140082
10 > 5 > 13 > 16 > 15 > 20 ,1,14.717955067343379
10 > 5 > 16 > 2 > 20 ,1,14.129074780542712
10 > 5 > 2 > 20 ,1,19.95224398290009
10 > 5 > 20 ,2,27.76290885978229
10 > 5 > 20 > 6 ,1,16.29644090123555
10 > 5 > 3 > 6 > 7 > 20 ,1,16.817250834906563
10 > 5 > 4 > 11 > 16 > 17 > 12 > 13 > 3 > 20 > 15 ,1,21.629536607424903
10 > 5 > 4 > 12 > 13 > 20 ,1,20.95582583999521
10 > 5 > 4 > 16 ,1,13.239190729560478
10 > 5 > 4 > 20 ,1,27.709492257339605
10 > 5 > 4 > 20 > 16 > 17 > 15 ,1,12.731243869882714
10 > 5 > 4 > 20 > 9 > 17 ,1,11.339204153231835
10 > 5 > 4 > 3 > 9 > 1 > 8 > 4 ,1,22.647420930023284
10 > 5 > 4 > 6 > 16 > 11 ,1,27.530919939992287
10 > 5 > 9 > 11 > 12 > 13 > 16 > 16 > 20 ,1,19.43490347520527
10 > 5 > 9 > 2 > 1 > 20 > 4 > 16 ,1,13.883105291716985
10 > 5 > 9 > 20 ,1,27.072509974023667
10 > 5 > 9 > 4 > 3 > 4 > 2 > 4 > 11 > 12 > 13 > 16 > 15 ,1,24.506679866384083
10 > 6 > 10 > 6 > 10 > 7 > 11 ,1,17.63715647489464
10 > 6 > 11 > 20 ,1,12.538219367062347
10 > 6 > 11 > 4 > 20 ,1,22.598682378801286
10 > 6 > 11 > 5 > 20 ,1,17.66598138781117
10 > 6 > 13 > 2 > 20 ,1,18.566037282758728
10 > 6 > 14 > 17 > 20 ,1,17.679467632240865
10 > 6 > 3 > 20 ,1,19.709737191962063
10 > 6 > 3 > 4 > 11 > 13 > 16 > 20 ,1,18.988923012323443
10 > 6 > 3 > 4 > 20 ,1,28.213867071638756
10 > 6 > 3 > 9 ,1,23.284624567801778
10 > 6 > 4 ,1,27.178887295782697
10 > 6 > 4 > 11 > 20 ,1,11.72162745242337
10 > 6 > 4 > 3 > 5 > 7 > 8 > 6 > 10 > 20 > 10 ,1,9.810604182182782
10 > 6 > 5 > 12 > 3 > 4 > 16 ,1,20.44164423787922
10 > 6 > 5 > 20 ,1,22.09946382319255
10 > 6 > 5 > 3 > 11 > 13 > 16 > 20 ,1,26.168764435075122
10 > 6 > 5 > 4 > 2 > 9 > 20 ,1,16.881908510317544
10 > 6 > 7 > 12 > 20 ,1,20.786417639330132
10 > 6 > 7 > 19 > 3 > 4 > 11 > 19 > 16 > 13 > 20 ,1,23.637973044145582
10 > 6 > 7 > 9 > 11 > 20 ,1,18.83785124354967
10 > 6 > 8 > 9 > 6 ,1,19.109849531499176
10 > 6 > 9 > 3 > 16 > 20 ,1,14.175912560574224
10 > 7 > 10 > 20 ,1,16.683119903673436
10 > 7 > 11 > 15 > 20 ,1,15.294771281176725
10 > 7 > 12 > 16 ,1,21.196879998387157
10 > 7 > 20 ,1,9.435294495735446
10 > 7 > 4 > 13 > 11 > 5 > 4 > 20 ,1,19.70032162707204
10 > 7 > 4 > 13 > 20 ,1,25.13698173966282
10 > 7 > 4 > 14 > 20 ,1,22.523202059545515
10 > 7 > 4 > 20 ,1,22.769015779058808
10 > 7 > 4 > 5 > 11 > 20 ,1,24.251438455713753
10 > 7 > 5 > 11 > 20 > 4 > 16 > 15 ,1,9.969439843916884
10 > 7 > 5 > 3 > 20 ,1,22.279102384538195
10 > 7 > 6 > 12 > 5 > 11 > 3 > 9 > 4 > 16 > 15 > 17 > 20 ,1,13.823538019250819
10 > 7 > 7 > 11 > 20 > 16 ,1,24.243414825351106
10 > 7 > 8 > 11 > 10 > 17 > 20 ,1,21.061860283106448
10 > 7 > 8 > 9 ,1,26.03365201823726
10 > 7 > 9 > 4 > 16 > 20 ,1,16.405312245350096
10 > 8 > 1 > 2 > 3 > 11 > 20 ,1,17.500781814834653
10 > 8 > 1 > 20 ,1,24.76437528394173
10 > 8 > 11 > 20 ,1,22.596797889143147
10 > 8 > 3 > 4 > 5 > 10 > 11 > 17 > 20 ,1,20.002759173158363
10 > 8 > 4 ,1,25.906762770294087
10 > 8 > 7 > 1 > 2 > 4 > 15 > 20 ,1,16.788976907672392
10 > 8 > 9 ,1,24.128672038403487
10 > 9 ,1,31.082039661806625
10 > 9 > 1 ,2,50.81388027689276
10 > 9 > 1 > 13 > 20 ,2,27.946351296525606
10 > 9 > 1 > 2 > 16 > 13 > 11 > 6 > 16 > 20 ,1,20.048240228202207
10 > 9 > 1 > 2 > 4 > 12 > 11 > 5 > 13 > 17 > 20 ,1,29.07048314464548
10 > 9 > 1 > 20 ,1,15.28605698415014
10 > 9 > 1 > 4 > 20 ,1,21.913894094022968
10 > 9 > 11 > 14 > 18 > 20 ,1,13.236078153132016
10 > 9 > 11 > 16 > 15 > 17 > 20 ,1,25.494599455929315
10 > 9 > 11 > 16 > 20 ,1,19.061075309561833
10 > 9 > 11 > 20 ,2,36.347482983839
10 > 9 > 11 > 3 > 20 ,1,24.877939947714566
10 > 9 > 11 > 4 > 20 ,1,15.926430121307732
10 > 9 > 11 > 5 > 10 > 12 > 13 > 9 > 20 ,1,17.753867902711402
10 > 9 > 11 > 7 > 8 > 5 > 4 > 1 > 3 > 12 > 13 > 14 > 16 > 15 > 19 > 20 ,1,19.607617593807902
10 > 9 > 12 > 20 ,1,21.249058503519255
10 > 9 > 13 ,2,27.543925058196884
10 > 9 > 13 > 16 > 20 ,1,26.32611470985987
10 > 9 > 13 > 16 > 4 > 20 ,1,16.60221668995508
10 > 9 > 13 > 4 > 3 > 10 > 6 > 5 > 11 > 17 > 16 > 13 ,1,18.040438471004432
10 > 9 > 13 > 9 > 13 ,1,23.9904442111103
10 > 9 > 13 > 9 > 9 > 16 > 15 ,1,22.424448293838914
10 > 9 > 15 ,1,31.394076974592384
10 > 9 > 15 > 20 ,1,21.173526716176834
10 > 9 > 16 > 15 ,1,16.425038435390665
10 > 9 > 16 > 17 > 20 ,1,30.738830334235
10 > 9 > 16 > 20 ,4,91.56439565006423
10 > 9 > 16 > 20 > 17 > 6 > 7 > 8 > 13 ,1,28.469625717170675
10 > 9 > 2 > 11 > 20 ,1,12.419306883050128
10 > 9 > 2 > 2 > 12 > 13 > 20 ,1,22.176437493994307
10 > 9 > 2 > 4 > 16 > 20 ,1,16.772439260399572
10 > 9 > 20 ,15,289.18980150517325
10 > 9 > 20 > 12 ,1,21.1675359178262
10 > 9 > 3 ,1,25.188540638171922
10 > 9 > 3 > 10 > 13 > 9 > 20 ,1,16.34873873180527
10 > 9 > 3 > 11 > 16 > 14 > 20 ,1,21.66478340343273
10 > 9 > 3 > 11 > 9 > 15 > 14 > 17 > 16 > 10 > 3 > 17 > 3 > 9 > 11 > 20 ,1,19.013260775804756
10 > 9 > 3 > 12 > 4 > 20 ,1,28.769811393075326
10 > 9 > 3 > 20 ,1,18.060588837995983
10 > 9 > 3 > 4 > 13 ,1,25.82039914750342
10 > 9 > 3 > 4 > 16 ,1,27.87754366755665
10 > 9 > 3 > 4 > 20 > 9 ,1,22.447435246676196
10 > 9 > 4 ,2,36.86207723719397
10 > 9 > 4 > 12 > 20 ,1,21.551913515150744
10 > 9 > 4 > 13 ,3,66.35796182060622
10 > 9 > 4 > 13 > 14 ,1,22.31496964620771
10 > 9 > 4 > 13 > 16 > 14 > 20 ,1,25.303817707368275
10 > 9 > 4 > 16 > 17 > 13 ,1,21.64590762641302
10 > 9 > 4 > 19 > 13 > 14 > 17 > 16 > 11 ,1,18.1759972064152
10 > 9 > 4 > 20 ,4,87.68170273096308
10 > 9 > 4 > 3 > 16 > 13 > 20 ,1,14.21062164714864
10 > 9 > 4 > 5 > 13 > 20 > 16 ,1,16.02953548474374
10 > 9 > 4 > 5 > 20 ,1,22.442390830304483
10 > 9 > 4 > 5 > 3 > 20 ,1,15.149736383431133
10 > 9 > 4 > 6 > 5 > 13 > 16 > 20 ,1,20.702567297661105
10 > 9 > 4 > 6 > 7 > 8 > 11 > 20 ,1,21.344588425430842
10 > 9 > 4 > 9 > 16 ,1,19.084445541965977
10 > 9 > 4 > 9 > 4 ,1,6.623804494707461
10 > 9 > 5 > 20 ,1,20.245232051205395
10 > 9 > 8 > 20 ,1,26.956585386737636
11 > 1 > 20 ,1,19.238220594962748
11 > 10 > 5 > 4 > 9 > 20 ,1,31.715844542785824
11 > 11 > 10 > 20 ,1,18.439760740486253
11 > 12 > 10 > 11 > 13 ,1,17.60481808119839
11 > 12 > 13 > 16 > 17 > 18 > 20 ,1,19.392011108364315
11 > 12 > 20 ,2,54.489334310703924
11 > 12 > 9 ,1,18.641425586721994
11 > 13 > 16 > 15 > 20 ,1,22.46856500279271
11 > 13 > 16 > 20 ,1,16.197673924888324
11 > 13 > 20 ,2,38.11437314271555
11 > 14 > 20 ,2,40.57465402566416
11 > 15 > 20 ,1,16.17068801243061
11 > 16 > 13 > 20 ,1,18.5940518196392
11 > 16 > 16 ,1,24.43176341728105
11 > 16 > 17 > 3 > 5 > 20 > 18 ,1,24.166077375978503
11 > 16 > 20 ,1,25.491851727627896
11 > 17 > 13 > 20 ,1,21.92865448521721
11 > 17 > 20 ,2,31.39643474966808
11 > 2 > 13 > 20 ,1,17.47409860980204
11 > 20 ,8,159.57135042522225
11 > 3 > 4 > 8 > 9 > 17 > 20 ,1,18.624560919836032
11 > 3 > 4 > 9 > 15 ,1,15.697622458715454
11 > 3 > 5 > 16 > 16 ,1,18.411978681626145
11 > 3 > 9 > 13 > 20 ,1,25.20167288573422
11 > 3 > 9 > 20 ,1,18.3365822442403
11 > 4 > 10 > 20 ,1,23.829290210844437
11 > 4 > 10 > 3 > 20 ,1,29.584048432811322
11 > 4 > 10 > 5 ,1,18.46558734278227
11 > 4 > 13 > 20 ,1,20.032505427949737
11 > 4 > 13 > 5 > 15 > 16 > 20 ,1,22.037531172938486
11 > 4 > 16 ,1,20.20108298961193
11 > 4 > 16 > 20 ,1,19.556418448013684
11 > 4 > 17 > 15 > 20 ,1,15.273037795835158
11 > 4 > 2 > 17 > 20 ,1,23.810374534703918
11 > 4 > 20 ,4,83.25495622950163
11 > 4 > 5 ,1,13.53687278126889
11 > 4 > 8 > 20 ,1,25.709269599954958
11 > 6 > 4 > 16 > 20 > 17 ,1,27.16465414971263
11 > 6 > 5 > 4 > 9 > 20 ,1,18.57432558638705
11 > 7 > 20 ,1,9.511274927724532
11 > 8 > 13 > 2 > 20 ,1,14.336116991551055
11 > 8 > 4 > 17 > 20 ,1,16.46139030392241
11 > 8 > 6 > 5 > 14 > 16 > 13 ,1,22.468853804191802
11 > 9 > 11 ,1,17.85720977043885
11 > 9 > 12 > 20 ,1,20.80125285235926
11 > 9 > 13 > 20 ,1,25.03051072785204
11 > 9 > 20 ,3,65.41601749827682
11 > 9 > 3 ,1,24.013324732321237
11 > 9 > 4 > 20 ,1,23.544160047101663
11 > 9 > 8 > 15 > 20 ,1,22.073284147895453
12 > 1 > 2 > 2 > 3 > 3 > 4 > 6 > 7 > 4 > 8 > 11 > 10 > 11 > 12 > 11 > 13 > 13 > 20 ,1,17.35556002055222
12 > 1 > 20 ,1,23.281166882836718
12 > 1 > 4 > 20 > 19 > 19 ,1,21.22941712886877
12 > 1 > 6 > 17 > 20 ,1,19.394753968846448
12 > 1 > 8 > 3 > 20 ,1,23.47674099053936
12 > 10 > 2 > 20 ,1,21.273926385139855
12 > 10 > 20 ,1,21.773362441111342
12 > 10 > 4 > 5 ,1,17.369316343839937
12 > 10 > 5 > 17 > 20 ,1,17.49650165187731
12 > 10 > 5 > 20 ,1,17.311092815519636
12 > 10 > 9 > 20 ,1,20.929812790358792
12 > 11 > 1 > 2 > 16 > 20 ,1,15.984558974293247
12 > 11 > 16 > 6 > 20 ,1,20.547568354307206
12 > 11 > 17 > 15 ,1,25.809429197480043
12 > 11 > 20 ,1,19.335229678480182
12 > 11 > 6 > 4 > 9 > 13 > 10 > 3 > 1 > 2 > 20 ,1,15.018080987025478
12 > 13 > 10 > 16 ,1,16.566014339476542
12 > 13 > 10 > 9 > 11 > 16 > 20 ,1,25.83334999262732
12 > 13 > 10 > 9 > 6 > 4 > 11 ,1,15.437568920082835
12 > 13 > 12 ,1,7.738129618983455
12 > 13 > 15 > 20 ,1,24.77034688413305
12 > 13 > 16 > 15 > 20 ,1,16.096270350829844
12 > 13 > 16 > 19 ,1,15.858761188855738
12 > 13 > 16 > 4 > 20 ,1,16.816660248249025
12 > 13 > 20 ,4,84.22781331666522
12 > 13 > 20 > 8 ,1,16.357055517701106
12 > 13 > 3 > 2 > 4 > 5 > 9 > 20 ,1,29.906714964195174
12 > 13 > 4 > 1 > 10 > 15 > 20 ,1,18.53014555749032
12 > 13 > 4 > 5 > 15 > 20 ,1,18.43170700217793
12 > 13 > 4 > 5 > 20 ,1,10.403742111418241
12 > 13 > 4 > 9 > 17 > 16 > 15 > 20 ,1,23.40799594714466
12 > 13 > 5 > 16 > 12 > 8 > 12 > 20 ,1,22.59378235334582
12 > 13 > 7 > 20 ,1,16.50573368407377
12 > 13 > 8 > 9 > 15 ,1,13.10390593637411
12 > 14 > 20 ,4,75.49372370791887
12 > 14 > 4 > 16 > 17 > 20 ,1,20.422194692470594
12 > 14 > 9 > 15 > 20 ,1,15.429156667680154
12 > 15 > 20 ,1,25.236161675989415
12 > 16 ,1,9.997349840697144
12 > 16 > 20 ,3,55.25288654417553
12 > 17 > 20 ,1,24.24080262650687
12 > 18 > 20 ,1,21.846481219842026
12 > 19 > 13 > 2 > 20 ,1,20.60130670561681
12 > 19 > 13 > 3 > 8 > 20 ,1,20.92325577810707
12 > 19 > 20 ,1,22.149660370888384
12 > 2 > 11 > 16 > 20 ,1,16.0059719498443
12 > 2 > 16 > 20 ,1,14.10071192924456
12 > 2 > 20 ,1,24.8873257291129
12 > 20 ,1,21.986475519377105
12 > 20 > 17 ,1,14.940385322837118
12 > 3 ,1,26.39099253602369
12 > 3 > 1 > 2 > 11 > 7 > 4 > 16 > 20 > 17 > 9 ,1,17.640829773492158
12 > 3 > 20 ,2,37.43124871360503
12 > 4 ,1,30.114707250686905
12 > 4 > 13 > 15 > 20 ,1,16.244692587306687
12 > 4 > 13 > 20 ,1,18.819876383743292
12 > 4 > 13 > 3 > 17 > 17 > 20 ,1,23.85571431050851
12 > 4 > 19 > 20 ,1,28.815768703490008
12 > 4 > 20 ,3,66.33395550707081
12 > 4 > 5 > 20 ,1,21.78213013534424
12 > 4 > 9 > 3 ,1,9.7072109993622
12 > 5 > 13 > 20 ,1,21.424087268301854
12 > 7 > 3 > 14 > 20 ,1,28.72280494945071
12 > 8 > 9 > 11 > 20 ,1,32.953153931597214
13 > 1 > 10 > 11 > 16 > 17 > 15 > 20 ,1,17.833721140080208
13 > 1 > 20 ,1,20.35114788936019
13 > 1 > 20 > 14 ,1,20.95528139171605
13 > 1 > 4 > 16 > 11 > 4 ,1,20.135605606091364
13 > 1 > 4 > 20 ,1,12.046328487729749
13 > 1 > 6 > 11 > 4 > 20 ,1,16.7389884082408
13 > 10 ,4,79.41651488308749
13 > 10 > 1 > 2 > 4 > 16 > 20 ,1,25.611640624020097
13 > 10 > 11 > 20 ,2,45.076492320281666
13 > 10 > 11 > 4 > 16 > 14 ,1,23.100951041025148
13 > 10 > 11 > 5 > 17 > 20 ,1,16.692391493561487
13 > 10 > 11 > 9 > 4 > 16 > 15 > 13 > 4 > 20 ,1,22.388140738013853
13 > 10 > 12 > 14 > 20 ,1,20.079698101379478
13 > 10 > 13 > 12 > 20 ,1,11.778999269115992
13 > 10 > 14 > 17 > 20 ,1,19.278274335321097
13 > 10 > 14 > 4 ,1,22.337915693536775
13 > 10 > 15 ,1,22.59881426026675
13 > 10 > 15 > 20 ,1,23.495953471342382
13 > 10 > 16 ,1,29.324312295083978
13 > 10 > 16 > 11 > 20 ,1,26.25240712227688
13 > 10 > 16 > 20 ,2,54.882684795784535
13 > 10 > 16 > 3 > 8 > 1 > 4 > 20 ,1,13.27114845825457
13 > 10 > 20 ,5,87.02823250021592
13 > 10 > 3 ,1,12.534335491590237
13 > 10 > 3 > 16 ,1,25.151787683793167
13 > 10 > 3 > 20 ,2,31.264772623554297
13 > 10 > 3 > 4 > 14 > 20 ,1,18.425472280026987
13 > 10 > 3 > 7 > 20 ,1,17.2997591405838
13 > 10 > 4 ,1,16.836593440518183
13 > 10 > 4 > 12 > 16 > 20 ,1,21.838852517429533
13 > 10 > 4 > 17 > 20 ,1,16.590216833615013
13 > 10 > 4 > 3 > 14 > 19 > 9 > 11 > 16 > 17 > 15 > 20 ,1,27.315707223232554
13 > 10 > 4 > 9 > 16 > 16 > 20 ,1,25.084062655712582
13 > 10 > 5 ,1,20.373566650234647
13 > 10 > 5 > 17 > 20 ,1,19.286721194664338
13 > 10 > 5 > 4 > 20 ,1,18.216197468771174
13 > 10 > 5 > 4 > 6 > 11 > 1 > 3 > 14 > 16 > 17 > 20 > 11 ,1,18.87888829669029
13 > 10 > 5 > 6 > 9 > 4 > 16 > 15 > 20 ,1,13.075753418417982
13 > 10 > 9 > 19 > 9 ,1,23.076512430773867
13 > 10 > 9 > 20 ,1,19.121520465626123
13 > 10 > 9 > 20 > 17 ,1,21.42901674479632
13 > 10 > 9 > 3 > 2 > 16 > 17 > 15 > 20 ,1,20.38277272509975
13 > 10 > 9 > 4 > 1 > 20 ,1,18.397952025379908
13 > 10 > 9 > 4 > 11 > 1 > 8 > 20 ,1,26.188740766193433
13 > 10 > 9 > 4 > 16 > 17 > 15 > 20 ,1,7.820447123282131
13 > 10 > 9 > 5 > 4 > 11 > 12 > 3 > 1 > 9 > 14 > 16 > 20 ,1,27.578983453043186
13 > 10 > 9 > 6 > 4 ,1,22.301326494088517
13 > 11 > 10 > 9 > 4 > 3 > 16 > 15 > 20 ,1,27.14044421480848
13 > 11 > 12 > 10 > 20 ,1,22.148435818402064
13 > 11 > 14 > 16 > 17 > 20 ,1,20.0564919599004
13 > 11 > 14 > 4 > 20 ,1,19.819663308269146
13 > 11 > 16 ,2,39.89107881338805
13 > 11 > 16 > 20 > 11 ,1,24.858471656292597
13 > 11 > 17 > 2 > 4 > 9 > 13 > 20 ,1,18.059225784770824
13 > 11 > 17 > 20 ,2,43.405082453875735
13 > 11 > 2 > 4 > 10 > 17 > 15 > 20 > 7 ,1,28.062881507017263
13 > 11 > 20 ,5,98.5285964782424
13 > 11 > 3 > 20 ,1,11.047535535695218
13 > 11 > 4 > 12 > 16 > 15 > 13 > 20 ,1,24.772168932279808
13 > 11 > 4 > 2 > 20 ,1,22.09066443091005
13 > 11 > 4 > 20 ,2,41.62381959462243
13 > 11 > 4 > 5 ,1,17.9932352834812
13 > 11 > 5 ,1,27.295734133550795
13 > 11 > 5 > 9 ,1,26.388423131114568
13 > 11 > 8 > 4 > 20 ,1,18.364187633825384
13 > 12 ,1,13.710972599701353
13 > 12 > 10 ,1,18.910831381343023
13 > 12 > 10 > 4 > 2 > 19 > 20 ,1,17.29548433527625
13 > 12 > 10 > 9 > 16 > 15 > 17 > 14 > 20 ,1,22.591472264714028
13 > 12 > 11 > 10 > 2 > 20 ,1,22.94314706803773
13 > 12 > 11 > 9 > 20 ,1,15.98695466087424
13 > 12 > 15 > 14 > 20 ,1,14.20831571224452
13 > 12 > 17 > 15 > 4 > 10 > 20 ,1,18.71792407615952
13 > 12 > 2 > 1 ,1,25.67658776059856
13 > 12 > 2 > 10 > 20 ,1,13.698444977054997
13 > 12 > 2 > 3 > 4 > 13 > 20 ,1,25.976203522685324
13 > 12 > 2 > 4 > 20 ,1,21.90501517292895
13 > 12 > 20 ,1,11.765648065656846
13 > 12 > 4 ,1,22.869099613594354
13 > 12 > 4 > 1 > 7 ,1,17.32432623359488
13 > 12 > 4 > 11 > 19 > 9 ,1,16.36818497711501
13 > 12 > 4 > 14 > 20 ,1,24.163537764931142
13 > 12 > 4 > 20 ,1,13.418820602469305
13 > 12 > 4 > 3 > 1 > 4 ,1,12.49584619228543
13 > 12 > 5 > 4 > 20 ,1,22.88661828230333
13 > 13 > 2 > 20 ,1,24.885078145856156
13 > 13 > 20 ,3,56.38604243878414
13 > 13 > 3 > 16 > 13 ,1,21.1412941404334
13 > 13 > 4 > 3 > 16 > 20 > 3 > 4 ,1,19.74281851564589
13 > 13 > 4 > 5 > 20 ,1,23.458726297385674
13 > 14 > 12 > 20 ,1,23.833584825896388
13 > 14 > 16 > 2 > 20 ,1,34.548176392268104
13 > 14 > 16 > 20 ,1,21.610974093143113
13 > 14 > 20 ,5,101.29997857730805
13 > 14 > 20 > 10 > 4 ,1,29.22506334159251
13 > 14 > 4 > 1 > 20 ,1,27.97849463718199
13 > 14 > 6 > 11 > 1 > 8 > 2 > 3 > 4 > 20 ,1,21.771530249797436
13 > 14 > 9 > 16 > 17 > 20 > 15 ,1,20.281818035383406
13 > 15 > 10 > 16 > 20 ,1,20.8915947835417
13 > 15 > 15 > 20 ,1,16.067659833181366
13 > 15 > 16 > 17 ,1,12.140850625061644
13 > 15 > 17 > 20 ,2,35.09031930261757
13 > 15 > 20 ,6,114.93127915189095
13 > 15 > 4 > 20 ,1,18.634719537878667
13 > 15 > 4 > 9 > 20 ,1,22.543384439722722
13 > 15 > 5 ,1,23.600463895006875
13 > 15 > 9 > 15 > 20 ,1,27.830549054105703
13 > 16 ,1,27.686996904054457
13 > 16 > 10 > 5 > 4 > 11 > 20 ,1,15.271452013250336
13 > 16 > 11 > 4 ,1,20.81765466737427
13 > 16 > 13 > 16 > 20 ,1,16.300932958289664
13 > 16 > 13 > 20 ,1,28.249041186569485
13 > 16 > 14 > 20 ,1,21.085463921513103
13 > 16 > 15 > 11 > 9 > 20 ,1,19.571134640799475
13 > 16 > 15 > 13 > 20 ,1,23.14063162920918
13 > 16 > 15 > 17 > 20 ,1,22.620753060531012
13 > 16 > 15 > 20 ,2,31.066525567326522
13 > 16 > 16 ,1,20.744463151441213
13 > 16 > 16 > 10 > 4 > 20 ,1,18.79999780016202
13 > 16 > 16 > 17 > 3 > 20 > 13 ,1,23.42758710020874
13 > 16 > 17 > 10 ,1,21.926271009225413
13 > 16 > 17 > 20 ,3,56.04072922448103
13 > 16 > 17 > 4 > 20 ,1,15.741736504585823
13 > 16 > 19 ,1,17.860850777261003
13 > 16 > 19 > 13 > 16 > 10 > 10 > 13 ,1,24.465050694057403
13 > 16 > 2 ,1,23.34791509497007
13 > 16 > 2 > 11 > 20 ,1,12.14733786957409
13 > 16 > 20 ,5,100.07867435513012
13 > 16 > 20 > 13 ,2,41.47537897498732
13 > 16 > 3 > 20 ,1,22.92237050344843
13 > 16 > 4 > 10 ,1,22.070054655154255
13 > 16 > 4 > 20 ,1,27.52011918130823
13 > 17 ,1,20.28627425000105
13 > 17 > 10 > 20 ,1,18.333460673226003
13 > 17 > 12 ,1,20.5701766112112
13 > 17 > 20 ,4,80.27010485094782
13 > 17 > 5 > 16 > 20 ,1,17.467057833216334
13 > 19 ,1,18.652182971065777
13 > 19 > 1 > 20 ,1,22.13150667235481
13 > 19 > 10 > 1 > 2 ,1,19.66016684935456
13 > 19 > 20 > 2 > 4 ,1,10.486263959287998
13 > 19 > 4 > 12 > 20 ,1,15.24487411353067
13 > 2 > 1 > 10 > 4 > 11 > 9 > 3 > 4 > 15 > 16 > 20 ,1,18.606800084152013
13 > 2 > 1 > 3 > 8 > 11 > 16 > 17 > 20 ,1,22.694675798748843
13 > 2 > 1 > 4 > 13 > 20 ,1,28.912732333771693
13 > 2 > 10 > 4 ,1,23.15484301328997
13 > 2 > 16 > 20 ,1,23.779637225421336
13 > 2 > 17 > 15 > 20 ,1,22.72114837899832
13 > 2 > 17 > 20 ,1,18.900000559028687
13 > 2 > 20 ,3,58.5550181286236
13 > 2 > 4 > 12 > 15 > 17 > 20 ,1,18.930845147483403
13 > 2 > 4 > 14 ,1,18.12120724354794
13 > 20 ,8,154.74624525570138
13 > 20 > 10 > 3 > 9 ,1,18.588323722854536
13 > 20 > 14 ,1,17.766071962144732
13 > 20 > 14 > 2 ,1,13.11019798615469
13 > 20 > 4 ,1,22.775994581170004
13 > 20 > 4 > 17 ,1,25.97220578531452
13 > 20 > 4 > 18 > 4 ,1,25.78131453530419
13 > 20 > 5 ,1,21.085661030489522
13 > 3 > 11 > 4 > 20 ,1,29.331924522251168
13 > 3 > 16 ,1,20.825065815469078
13 > 3 > 20 ,5,99.67840794041271
13 > 3 > 4 > 16 > 5 > 10 > 20 ,1,29.678004328968875
13 > 3 > 4 > 5 ,1,13.175488329867715
13 > 3 > 4 > 7 > 10 > 20 ,1,21.710454493186482
13 > 3 > 9 ,2,29.650070208946257
13 > 3 > 9 > 4 > 11 ,1,25.05658656406417
13 > 3 > 9 > 4 > 15 > 16 > 20 ,1,23.437047398699356
13 > 3 > 9 > 4 > 20 ,1,13.776263362583844
13 > 4 ,2,43.840435062130915
13 > 4 > 10 ,1,16.55180508096479
13 > 4 > 10 > 3 > 11 > 20 ,1,23.32664634604112
13 > 4 > 10 > 5 > 20 ,1,16.269376150418392
13 > 4 > 11 ,1,30.808270586388637
13 > 4 > 12 > 17 > 20 ,1,20.05428225988492
13 > 4 > 12 > 20 ,1,24.419891769491706
13 > 4 > 13 ,1,21.11824281697314
13 > 4 > 13 > 11 > 16 > 20 ,1,21.618133569192064
13 > 4 > 13 > 20 ,1,20.976053278326823
13 > 4 > 14 > 12 > 11 > 3 > 20 ,1,25.200806476003457
13 > 4 > 16 > 15 > 13 > 20 ,1,26.469737083309436
13 > 4 > 16 > 17 > 20 ,1,22.549098426573714
13 > 4 > 16 > 20 ,2,34.546481353576986
13 > 4 > 19 > 17 > 20 ,1,21.971538725776092
13 > 4 > 19 > 4 > 20 ,1,21.539672065214944
13 > 4 > 2 ,1,26.981458345944425
13 > 4 > 2 > 1 > 5 > 8 ,1,17.200572665180584
13 > 4 > 2 > 9 > 20 ,1,16.682675260173472
13 > 4 > 20 ,9,190.87873134922077
13 > 4 > 3 > 20 ,1,18.287674268640497
13 > 4 > 5 > 2 > 15 > 20 ,1,15.719554641362837
13 > 4 > 5 > 20 ,1,15.793304322876551
13 > 4 > 5 > 4 > 10 > 11 > 13 > 20 > 4 > 16 > 15 ,1,20.28340920238443
13 > 4 > 6 > 20 ,1,20.19346109772743
13 > 4 > 8 > 3 > 5 > 20 ,1,15.81532298769444
13 > 4 > 8 > 9 > 20 > 12 > 13 ,1,16.833428949027468
13 > 4 > 9 > 20 ,1,21.351379678347715
13 > 5 > 11 > 12 > 5 > 2 > 15 > 20 ,1,21.148439834282662
13 > 5 > 16 > 11 > 12 > 15 > 16 ,1,18.744661678727212
13 > 5 > 16 > 15 > 4 ,1,27.966916171320214
13 > 5 > 2 > 20 ,1,19.01112798741271
13 > 5 > 20 ,1,27.499232851309557
13 > 5 > 20 > 5 > 13 ,1,14.696262602060044
13 > 5 > 4 > 9 > 20 ,1,22.473571895146897
13 > 5 > 9 ,2,47.644991454031896
13 > 6 > 20 ,1,24.379389658152
13 > 6 > 4 > 12 > 16 > 20 ,1,23.478893043920653
13 > 7 > 3 > 16 > 20 ,1,10.345081998158808
13 > 7 > 6 > 4 > 20 ,1,22.08664133846545
13 > 7 > 8 > 10 > 3 > 16 > 15 > 17 > 20 ,1,23.187520128571027
13 > 7 > 8 > 2 > 10 > 11 > 16 > 17 > 20 ,1,20.149501470522775
13 > 7 > 8 > 6 > 2 > 10 > 4 > 16 > 13 ,1,20.841806875486622
13 > 8 > 20 ,1,26.191790173967377
13 > 8 > 4 > 15 > 17 > 14 ,1,14.317540909235523
13 > 8 > 4 > 5 > 20 ,1,16.489762832026408
13 > 8 > 4 > 9 > 20 ,1,17.647774001409562
13 > 8 > 6 > 4 > 3 > 20 ,1,24.79298202670458
13 > 9 ,2,38.420718171568204
13 > 9 > 10 ,1,24.92032756748872
13 > 9 > 10 > 19 > 2 > 1 > 20 ,1,17.04642147294336
13 > 9 > 11 ,1,25.36215403721675
13 > 9 > 11 > 13 > 20 ,1,20.92536311937527
13 > 9 > 11 > 16 > 17 > 20 ,1,22.671155910149942
13 > 9 > 11 > 4 > 3 > 5 > 9 > 10 > 13 ,1,27.926906226921687
13 > 9 > 12 > 20 ,2,34.21589267158948
13 > 9 > 13 ,1,19.504558544380313
13 > 9 > 15 > 20 ,3,55.88991584429479
13 > 9 > 16 ,2,47.69315580596236
13 > 9 > 16 > 13 > 20 ,1,18.381465351355153
13 > 9 > 16 > 15 > 20 ,1,18.533569582216035
13 > 9 > 16 > 17 > 20 ,1,14.190327288411302
13 > 9 > 16 > 20 ,1,20.083602154895274
13 > 9 > 20 ,5,108.7297991765688
13 > 9 > 20 > 6 ,1,17.68959138502881
13 > 9 > 3 > 20 ,1,18.482065736072368
13 > 9 > 3 > 4 > 6 > 7 > 8 > 5 > 11 > 13 > 10 > 20 ,1,7.167997661559971
13 > 9 > 4 > 10 > 11 > 20 ,1,15.56398195203979
13 > 9 > 4 > 16 > 13 > 20 ,1,21.081758035139057
13 > 9 > 4 > 17 > 20 ,1,14.690788101524845
13 > 9 > 4 > 20 ,2,33.77180325641946
13 > 9 > 4 > 20 > 16 > 15 ,1,21.682499227639592
13 > 9 > 4 > 5 > 20 ,1,16.256862852547844
13 > 9 > 5 > 8 > 6 ,1,22.972671146470248
13 > 9 > 9 ,1,17.134505314279803
14 > 1 > 12 > 20 ,1,16.84341229027291
14 > 1 > 20 ,1,17.059623009502538
14 > 11 > 3 > 20 ,1,27.29424296244459
14 > 13 > 14 > 8 ,1,18.220561086354486
14 > 13 > 16 > 20 ,1,17.657052340603297
14 > 13 > 20 ,1,20.604220672104898
14 > 14 > 20 ,1,17.00547642494705
14 > 15 > 15 > 20 ,1,23.27878645143246
14 > 15 > 17 > 20 ,1,20.78713782843028
14 > 17 > 13 > 20 ,1,24.73892398829381
14 > 18 > 20 ,1,20.872100813766966
14 > 20 ,3,63.757733974638754
14 > 20 > 1 ,1,12.368213800025515
14 > 20 > 12 ,1,27.691380829812825
14 > 20 > 3 > 4 > 11 ,1,26.595400221987695
14 > 3 ,1,21.26727273888923
14 > 4 ,1,18.655764327013273
14 > 4 > 10 > 5 > 11 > 20 ,1,22.23101369746791
14 > 4 > 12 > 20 ,1,21.397878625761088
14 > 4 > 13 > 12 > 3 > 20 ,1,31.98868287758124
14 > 4 > 20 ,1,23.6417704993282
14 > 5 > 20 ,1,20.112131405334267
14 > 5 > 6 > 9 > 20 ,1,22.263929436857715
14 > 5 > 9 > 4 > 13 > 20 ,1,16.12335952672008
14 > 6 > 20 ,1,17.96883180336381
14 > 7 > 7 > 14 > 20 > 14 > 13 > 13 > 13 ,1,19.089552415956522
14 > 8 > 11 > 20 ,1,19.094336440953704
14 > 8 > 2 > 12 > 20 ,1,15.698289565441645
14 > 8 > 20 ,1,21.659932357663088
14 > 9 > 20 ,1,30.391737966972418
14 > 9 > 20 > 17 ,1,21.824139620804633
14 > 9 > 6 > 9 > 14 > 16 > 14 > 20 ,1,19.264023450587143
15 ,1,14.103349256014456
15 > 1 > 20 ,1,28.015672232044146
15 > 13 > 20 ,2,41.424356030142505
15 > 13 > 4 > 20 ,1,25.911245883545842
15 > 14 > 20 ,1,31.225682808907756
15 > 15 > 20 ,1,27.323722890414395
15 > 16 > 20 ,1,17.884318208686054
15 > 16 > 20 > 15 ,1,22.891016672944332
15 > 17 > 20 ,4,95.39913032343412
15 > 20 ,2,32.67034005344559
15 > 4 > 1 > 2 > 6 > 20 ,1,24.644254240279277
15 > 4 > 20 > 9 ,1,18.331568700593035
15 > 7 > 14 > 20 ,1,21.862329216520646
15 > 8 > 10 > 20 ,1,11.644681771224
15 > 8 > 12 > 14 > 20 ,1,8.922560232109474
15 > 8 > 20 ,1,21.586548794231987
15 > 9 > 4 ,1,19.400245572587306
16 > 1 > 2 > 9 > 13 ,1,18.658584251231854
16 > 1 > 20 ,1,13.921124982878684
16 > 10 > 1 > 4 > 20 ,1,25.74457559748043
16 > 10 > 13 > 4 > 17 ,1,15.07389101456673
16 > 10 > 13 > 9 > 14 ,1,18.955272063165857
16 > 10 > 2 > 20 ,1,18.272186899680584
16 > 10 > 20 ,1,19.439371917114272
16 > 10 > 3 > 11 > 7 > 5 > 4 > 16 > 13 > 9 ,1,18.459645213005604
16 > 10 > 4 > 20 ,2,42.09512585057911
16 > 10 > 4 > 5 > 20 ,1,16.443363610564376
16 > 10 > 6 > 4 > 13 > 20 ,1,28.845207162146906
16 > 10 > 9 > 20 ,1,25.545824297399477
16 > 11 > 10 > 17 ,1,25.364682961135415
16 > 11 > 20 ,1,10.517569962066775
16 > 12 > 4 > 2 > 12 > 20 ,1,21.299622612412087
16 > 13 > 11 > 10 > 9 > 4 > 11 > 20 ,1,12.376159916661479
16 > 13 > 16 ,1,12.107462722675788
16 > 13 > 16 > 20 ,1,18.045616381408433
16 > 13 > 20 ,3,70.32823293504066
16 > 13 > 4 ,1,22.475774902415022
16 > 13 > 4 > 20 ,1,18.641291694504208
16 > 13 > 4 > 20 > 17 ,1,18.98798193547026
16 > 13 > 5 > 20 ,1,13.318530878742713
16 > 13 > 9 > 4 > 11 ,1,18.871428339676367
16 > 13 > 9 > 4 > 20 ,1,17.99072080817449
16 > 14 > 12 > 16 > 14 ,1,19.495048704315632
16 > 14 > 20 ,1,16.852697110688723
16 > 14 > 9 ,1,19.283139537173728
16 > 15 ,1,19.804608964987494
16 > 15 > 17 > 15 > 14 > 16 > 20 > 16 > 14 ,1,20.832456002731053
16 > 15 > 17 > 20 ,1,25.819706941208377
16 > 15 > 17 > 5 > 4 > 13 > 9 ,1,20.284335707856975
16 > 15 > 20 ,5,93.63183922714852
16 > 16 > 11 > 20 ,1,22.016190827158493
16 > 16 > 16 > 17 > 17 > 15 > 15 > 15 > 20 ,1,25.460313506725804
16 > 16 > 16 > 9 > 10 > 20 ,1,27.30208471747097
16 > 16 > 20 ,2,37.55665154745654
16 > 17 ,3,58.61800853868236
16 > 17 > 10 > 4 > 15 > 5 > 20 ,1,17.59332238135313
16 > 17 > 19 > 20 ,1,20.139943095982957
16 > 17 > 20 ,4,96.07210643679443
16 > 17 > 6 > 13 > 4 > 20 ,1,10.097264577029108
16 > 2 > 7 > 9 > 10 > 4 ,1,29.71139788467382
16 > 20 ,7,120.38745899740982
16 > 20 > 13 ,1,12.829818813232414
16 > 20 > 14 ,1,24.224058519540144
16 > 20 > 15 ,1,27.57719934258274
16 > 20 > 16 > 9 > 4 ,1,19.42379609938404
16 > 20 > 17 ,1,24.191160041089745
16 > 20 > 17 > 15 > 14 ,1,13.297662088042028
16 > 20 > 2 > 9 ,1,17.41658514097221
16 > 20 > 4 > 14 ,1,14.162713771435548
16 > 20 > 9 ,1,17.593143564113824
16 > 3 ,1,15.281860074335663
16 > 3 > 10 > 4 > 6 > 4 ,1,14.023583299074119
16 > 3 > 13 > 4 > 10 > 9 > 20 ,1,17.636694078604776
16 > 3 > 16 > 20 ,1,22.514035748724492
16 > 3 > 20 ,1,20.76406118042744
16 > 4 > 11 > 13 ,1,25.181258649117275
16 > 4 > 14 > 13 > 5 > 5 > 20 ,1,12.107602334939678
16 > 4 > 17 > 10 > 20 ,1,19.225872500523387
16 > 4 > 20 ,5,95.30704979798465
16 > 4 > 3 > 5 > 10 > 8 > 6 > 8 > 13 > 20 ,1,22.110582509396302
16 > 4 > 5 > 10 > 12 > 13 ,1,19.792001449607046
16 > 4 > 5 > 17 > 13 ,1,25.896752002870883
16 > 4 > 6 > 16 > 20 ,1,14.322533130497856
16 > 4 > 7 > 6 > 3 ,1,26.001110266047007
16 > 4 > 8 > 20 ,1,18.959204652069204
16 > 4 > 9 > 17 > 20 ,1,14.850156025674698
16 > 6 > 5 > 4 > 20 ,1,30.025349086029504
16 > 6 > 9 > 20 ,1,17.28508389161957
16 > 7 > 13 > 12 > 10 > 7 > 5 > 4 > 14 > 20 ,1,31.065135890409255
16 > 7 > 4 > 20 ,1,16.399915327921317
16 > 8 > 11 > 9 > 2 ,1,20.65441146346191
16 > 8 > 20 ,2,43.28999854008737
16 > 8 > 9 > 20 ,1,26.55154546494377
16 > 9 > 10 > 11 > 4 > 13 > 12 > 16 > 20 ,1,26.31360858666909
16 > 9 > 10 > 13 > 20 ,1,18.779693986686645
16 > 9 > 11 > 20 ,1,18.015074118308263
16 > 9 > 11 > 3 > 10 ,1,22.15746432456816
16 > 9 > 13 > 10 > 9 > 16 > 20 ,1,12.937689184071061
16 > 9 > 13 > 20 ,1,18.455525088966258
16 > 9 > 13 > 4 > 20 ,1,19.982018514325617
16 > 9 > 20 ,1,9.855714729911568
16 > 9 > 20 > 10 ,1,10.895041807984597
16 > 9 > 3 > 20 ,1,21.873098451635975
16 > 9 > 4 ,1,24.01614972621293
17 > 10 > 11 > 12 > 13 > 20 ,1,17.74433027347795
17 > 10 > 4 > 13 > 17 > 5 > 13 > 11 > 20 ,1,16.879666750043498
17 > 10 > 4 > 20 ,1,16.78671722364993
17 > 11 > 13 > 14 > 1 > 20 > 1 > 12 ,1,27.089561955500546
17 > 13 > 20 ,1,18.381528045715697
17 > 14 > 12 > 4 > 13 ,1,22.923780533762045
17 > 14 > 20 ,1,20.635046010447358
17 > 15 ,1,27.60249289527292
17 > 15 > 13 > 10 > 20 ,1,23.827018887996832
17 > 15 > 13 > 20 ,1,23.408460829152418
17 > 15 > 14 > 16 > 13 ,1,19.385319318145086
17 > 15 > 20 ,3,62.519058896693096
17 > 16 > 13 > 20 ,1,24.55378981024089
17 > 16 > 20 ,1,19.562446010985074
17 > 16 > 5 > 4 ,1,21.9853291601744
17 > 17 ,1,20.97491357183906
17 > 17 > 14 > 15 > 20 ,1,20.082388267034826
17 > 2 > 20 ,1,20.439355556056977
17 > 20 ,2,42.38860886266413
17 > 20 > 12 ,1,22.388804625378313
17 > 3 > 4 > 4 > 20 ,1,23.669922841095662
17 > 5 > 20 ,1,18.305685349470984
17 > 6 ,1,16.412832937449632
17 > 8 ,1,20.526036771532002
17 > 8 > 20 ,1,19.632433736122415
17 > 9 ,1,12.568880758521445
17 > 9 > 20 ,1,21.869487577653654
17 > 9 > 4 > 20 ,1,13.354656580168704
18 > 1 > 3 > 4 > 9 > 16 > 20 ,1,26.658333259994556
18 > 10 > 3 > 20 ,1,22.801676519523333
18 > 20 > 16 ,1,21.021418442958915
18 > 4 > 3 > 20 ,1,13.37626184381278
19 > 1 > 20 > 1 > 19 > 1 ,1,19.284077605938425
19 > 10 > 20 ,1,23.74330730559007
19 > 13 > 12 > 19 ,1,20.357745448316415
19 > 13 > 4 > 20 ,1,19.213542962253808
19 > 14 > 9 > 4 > 20 ,1,18.127874781957754
19 > 16 > 13 ,1,21.57865827598926
19 > 16 > 17 > 20 ,1,10.649268891627653
19 > 4 > 1 > 12 > 20 ,1,21.469878873512243
19 > 4 > 13 > 11 > 14 > 15 > 16 > 20 ,1,15.401970461326115
19 > 9 > 20 ,1,17.914127461133454
2 ,1,24.212394861868535
2 > 1 > 12 ,1,32.906307901755895
2 > 1 > 15 > 13 > 20 ,1,29.53477010191756
2 > 1 > 16 > 3 > 6 > 6 > 13 ,1,9.677025029334674
2 > 1 > 16 > 6 > 11 > 20 > 13 > 16 ,1,22.256243690933893
2 > 1 > 3 > 3 > 20 ,1,27.620977516620123
2 > 1 > 4 > 16 > 17 > 19 > 20 ,1,25.16258699001915
2 > 1 > 4 > 3 > 8 > 11 > 20 ,1,21.31742914277205
2 > 1 > 4 > 3 > 9 > 10 > 11 > 13 > 12 > 14 > 15 > 17 > 16 > 19 > 20 ,1,27.2902015193118
2 > 1 > 6 > 15 > 20 ,1,23.662668130408214
2 > 1 > 6 > 4 > 20 ,1,9.88776182747825
2 > 1 > 6 > 8 > 20 ,1,18.59476403526195
2 > 1 > 8 > 10 > 10 > 20 ,1,30.826257578529418
2 > 1 > 8 > 13 ,1,30.657437421265058
2 > 1 > 8 > 7 > 9 ,1,16.432071604621985
2 > 1 > 9 > 10 > 1 > 4 > 3 ,1,12.452337966028248
2 > 10 ,1,27.205847334029514
2 > 10 > 1 > 13 > 20 ,1,13.09635002427434
2 > 10 > 1 > 3 > 9 > 13 > 12 > 19 > 20 ,1,22.9456481863744
2 > 10 > 11 > 20 ,1,12.620684796577464
2 > 10 > 13 > 11 > 20 ,1,22.909537242680408
2 > 10 > 13 > 16 > 20 ,1,17.474679704830734
2 > 10 > 14 > 20 > 4 ,1,21.720482412830886
2 > 10 > 16 > 17 > 2 > 20 ,1,17.974270884128615
2 > 10 > 20 ,1,14.475445893114463
2 > 10 > 3 > 13 > 20 ,1,18.267936491113744
2 > 10 > 4 > 16 > 20 ,1,23.463746569342444
2 > 10 > 4 > 17 > 5 > 9 > 7 > 20 > 4 ,1,21.519493473790835
2 > 10 > 4 > 20 > 12 > 13 > 16 ,1,26.69127668245302
2 > 10 > 4 > 6 > 16 ,1,14.527047689827725
2 > 10 > 9 > 7 > 13 > 8 > 20 ,1,20.656611301219904
2 > 10 > 9 > 8 > 13 > 17 > 15 > 14 > 8 > 9 > 20 ,1,21.106220685066315
2 > 11 > 12 > 20 ,2,33.822647921816376
2 > 11 > 13 > 16 > 20 ,1,25.74741795598348
2 > 11 > 16 > 13 ,1,14.153151181035675
2 > 11 > 16 > 15 > 20 ,1,19.1049662494108
2 > 11 > 17 > 20 ,1,9.4099907086836
2 > 11 > 20 ,2,36.66498622431895
2 > 11 > 4 > 13 > 17 > 16 > 20 ,1,13.52206065255995
2 > 11 > 5 > 4 > 11 > 10 > 7 > 13 > 19 ,1,28.642497523731116
2 > 11 > 5 > 8 ,1,17.500982513269747
2 > 12 > 15 ,1,15.170701037516375
2 > 12 > 19 > 13 > 13 > 20 ,1,18.743888351672492
2 > 12 > 2 > 20 ,1,12.439368875478396
2 > 12 > 20 ,3,64.7312442194598
2 > 12 > 4 > 16 > 5 > 20 ,1,22.784052249829983
2 > 13 ,1,24.672502276326064
2 > 13 > 10 > 8 > 20 ,1,17.09216547355306
2 > 13 > 11 > 17 > 20 ,1,20.754568389286845
2 > 13 > 14 > 12 > 2 > 20 ,1,21.227223702547196
2 > 13 > 14 > 14 > 2 > 20 > 14 ,1,13.297337676368922
2 > 13 > 14 > 3 > 2 > 15 > 20 ,1,29.422046989349862
2 > 13 > 14 > 3 > 8 > 20 ,1,19.192453740039234
2 > 13 > 15 > 17 > 20 ,1,19.34558096844986
2 > 13 > 16 ,1,15.007115274712522
2 > 13 > 16 > 20 ,1,16.953094722138726
2 > 13 > 17 > 4 ,1,19.704696792451664
2 > 13 > 2 > 13 > 20 > 9 ,1,19.71091459165001
2 > 13 > 20 ,1,19.20250875477243
2 > 13 > 20 > 10 > 2 > 1 > 13 ,1,20.497482906306377
2 > 13 > 20 > 15 ,1,26.236102623081823
2 > 13 > 20 > 17 ,1,16.99550375093341
2 > 13 > 4 ,1,22.547077256090372
2 > 13 > 5 > 16 ,1,19.435303367267025
2 > 14 > 13 > 20 > 3 ,1,24.309253348225813
2 > 14 > 9 ,1,20.069433491756932
2 > 15 ,1,23.682067446329523
2 > 15 > 20 ,1,23.81659811963545
2 > 16 ,1,27.715533950427066
2 > 16 > 12 > 17 > 20 ,1,20.366462494388987
2 > 16 > 13 > 20 ,1,21.30012326274555
2 > 16 > 14 > 20 ,1,27.49344276371284
2 > 16 > 17 ,2,36.07368104092453
2 > 16 > 17 > 20 ,1,15.526889931074376
2 > 16 > 20 ,8,152.63476939302834
2 > 17 > 15 > 20 ,1,18.998721424957253
2 > 17 > 16 > 20 ,1,15.17943034604697
2 > 17 > 20 ,3,58.76881013841216
2 > 2 > 1 > 2 ,1,24.892514943617332
2 > 2 > 10 > 13 > 20 > 16 > 15 ,1,23.964709340062058
2 > 2 > 11 > 3 > 20 ,1,20.283078027899137
2 > 2 > 20 ,1,19.75820419043044
2 > 20 ,8,151.76189801960663
2 > 20 > 10 > 7 > 4 ,1,26.501096102977435
2 > 20 > 13 ,1,28.646230047338324
2 > 20 > 17 ,2,42.11380972090907
2 > 20 > 3 > 3 > 2 ,1,18.5130132032125
2 > 20 > 4 ,1,22.25287952358104
2 > 20 > 6 ,1,18.52637288199387
2 > 20 > 6 > 4 ,1,21.077158188904036
2 > 3 > 1 > 10 > 11 > 6 > 9 > 5 > 12 > 4 > 20 ,1,20.674075691045214
2 > 3 > 10 > 20 ,1,14.549934696919648
2 > 3 > 11 > 2 > 20 ,1,21.97132280000805
2 > 3 > 11 > 8 > 20 ,1,16.212058219440763
2 > 3 > 15 > 20 ,1,20.67309783385698
2 > 3 > 16 > 20 > 2 ,1,20.54623117018935
2 > 3 > 2 ,1,26.856371324455488
2 > 3 > 20 ,1,20.382140728515672
2 > 3 > 20 > 14 ,1,21.691725113658404
2 > 3 > 4 ,1,18.692293374892067
2 > 3 > 4 > 6 > 9 > 10 > 11 > 16 ,1,7.046889332237306
2 > 3 > 4 > 7 > 7 > 13 > 20 ,1,29.70020667291594
2 > 3 > 5 > 20 ,1,8.811858393125593
2 > 3 > 6 > 4 > 11 > 12 > 10 > 20 ,1,14.962034678168934
2 > 3 > 9 > 10 > 12 > 6 > 20 ,1,19.864839152242066
2 > 3 > 9 > 16 > 13 > 10 ,1,19.85809573704198
2 > 3 > 9 > 20 ,1,21.48238126147435
2 > 4 ,3,52.38476946961977
2 > 4 > 1 > 5 > 5 > 9 ,1,25.09320813194178
2 > 4 > 10 ,1,19.64000912861197
2 > 4 > 10 > 12 > 20 ,1,21.061914267458235
2 > 4 > 10 > 3 > 4 > 12 > 20 ,1,19.7794630494243
2 > 4 > 11 > 10 > 9 > 20 ,1,24.52762421087609
2 > 4 > 11 > 12 > 13 > 20 ,1,23.68766952933733
2 > 4 > 11 > 13 > 20 > 16 ,1,17.88184944460347
2 > 4 > 11 > 16 > 13 > 20 ,1,18.15319767414984
2 > 4 > 12 > 5 > 16 > 13 > 15 > 20 ,1,25.500607907555867
2 > 4 > 13 > 10 > 20 ,1,29.828060343349716
2 > 4 > 13 > 16 ,1,22.651453039947402
2 > 4 > 13 > 17 > 12 > 20 ,1,20.161495673478917
2 > 4 > 13 > 20 ,2,47.95397645102909
2 > 4 > 13 > 5 > 20 ,1,26.823553348229538
2 > 4 > 13 > 6 > 17 > 9 > 9 > 20 ,1,18.821789109399134
2 > 4 > 14 > 20 ,1,14.748041542624225
2 > 4 > 14 > 20 > 11 > 10 ,1,12.158138151508723
2 > 4 > 16 > 20 ,3,75.55612667970429
2 > 4 > 17 > 20 ,1,22.910232648037706
2 > 4 > 20 ,4,72.06332733653282
2 > 4 > 5 > 10 > 7 > 8 > 12 > 13 > 20 > 17 > 15 ,1,14.191689735792524
2 > 4 > 5 > 12 > 14 > 20 ,1,14.749697751370123
2 > 4 > 5 > 13 > 20 ,1,24.528952751921743
2 > 4 > 5 > 15 > 20 ,1,21.16593693769049
2 > 4 > 5 > 17 > 15 > 10 > 11 > 4 > 5 ,1,23.403911685206758
2 > 4 > 7 > 20 ,1,11.716319537098043
2 > 4 > 9 > 17 > 6 > 20 ,1,10.761387403528843
2 > 4 > 9 > 4 > 20 ,1,16.549247169722346
2 > 5 > 11 > 4 ,1,10.077794366097985
2 > 5 > 13 > 3 > 9 > 16 > 19 > 20 ,1,15.02491800891459
2 > 5 > 16 > 12 > 11 > 20 ,1,20.247837863891334
2 > 5 > 20 ,1,23.603701009902462
2 > 5 > 4 > 11 > 20 ,1,31.642544808202004
2 > 5 > 8 > 20 ,1,15.681868615543436
2 > 5 > 9 > 20 ,1,25.536397658369395
2 > 6 ,1,14.327257072969068
2 > 6 > 12 > 13 > 20 > 10 > 5 > 8 ,1,30.04571810745201
2 > 6 > 13 > 20 > 9 ,1,19.08991612059437
2 > 6 > 7 > 10 > 12 > 9 ,1,24.501246265599615
2 > 7 > 12 > 11 > 20 ,1,22.278788341883914
2 > 7 > 9 > 13 > 6 > 6 > 4 > 16 > 17 > 20 ,1,33.735506130016994
2 > 8 > 10 > 12 > 14 > 16 > 18 > 20 ,1,27.004387683747126
2 > 8 > 10 > 12 > 20 ,1,16.745997633435216
2 > 8 > 4 > 14 > 20 ,1,21.931363831613115
2 > 9 ,1,17.576765411384542
2 > 9 > 1 > 13 > 14 > 16 ,1,15.212322708494082
2 > 9 > 10 > 20 ,1,19.689330070934677
2 > 9 > 11 > 4 > 16 > 15 > 20 ,1,9.291456996029073
2 > 9 > 12 > 13 > 13 ,1,20.41141434120375
2 > 9 > 12 > 5 > 13 > 4 > 8 > 20 ,1,15.831719589515956
2 > 9 > 13 > 16 > 20 ,1,21.520718594490724
2 > 9 > 16 > 20 ,1,13.940984036371946
2 > 9 > 20 ,4,70.06462110907918
2 > 9 > 3 ,1,13.078573909227005
2 > 9 > 4 > 13 ,1,19.985217553351475
2 > 9 > 4 > 20 ,1,22.54752482950417
2 > 9 > 5 > 4 > 15 > 16 > 20 ,1,30.854062671902973
2 > 9 > 8 > 5 ,1,19.37847208672231
3 > 1 > 19 ,1,25.90905757075686
3 > 1 > 9 > 16 > 4 ,1,30.283416918787474
3 > 10 > 11 > 6 > 13 > 8 > 1 > 20 > 17 ,1,24.685128865476663
3 > 10 > 15 > 13 > 14 > 20 > 12 ,1,16.12544955929889
3 > 10 > 20 ,1,20.36139227347104
3 > 10 > 4 > 11 > 20 > 16 ,1,18.175281374434636
3 > 11 > 10 > 14 > 13 > 16 > 20 ,1,11.154245156034932
3 > 11 > 10 > 6 > 20 ,1,13.60740695695397
3 > 11 > 16 > 20 ,1,13.109470471986064
3 > 11 > 20 ,4,77.2435899473319
3 > 11 > 20 > 7 ,1,17.717492464988332
3 > 11 > 4 > 10 > 9 ,1,28.26646812716779
3 > 11 > 6 > 5 > 20 > 4 ,1,18.681595135044738
3 > 12 > 8 > 13 > 20 ,1,21.384832398676256
3 > 12 > 9 > 16 > 15 > 20 > 9 ,1,22.905748920263008
3 > 13 > 10 > 17 > 20 ,1,21.690052455969045
3 > 13 > 12 > 4 ,1,24.83824915774357
3 > 13 > 16 > 20 ,1,16.621236728579127
3 > 13 > 20 ,2,32.59547239239869
3 > 14 > 11 > 20 > 14 ,1,24.950179470913778
3 > 14 > 16 > 4 ,1,20.190788347363164
3 > 14 > 20 ,1,27.584560371187344
3 > 14 > 20 > 10 ,1,9.21594514092537
3 > 14 > 20 > 4 > 1 ,1,25.15261525165478
3 > 15 > 16 > 17 > 3 > 2 > 3 > 20 > 18 ,1,8.443435581103387
3 > 15 > 17 > 20 ,1,15.196836686123515
3 > 15 > 20 ,2,24.531305356883262
3 > 16 > 13 > 4 > 11 > 11 > 16 > 20 ,1,14.284038127542985
3 > 16 > 17 > 20 > 12 > 17 ,1,17.668553231016748
3 > 16 > 20 ,4,88.37685086095325
3 > 16 > 3 > 20 ,1,20.534733768825983
3 > 17 ,1,23.859499279815058
3 > 17 > 20 ,1,14.689560512604878
3 > 2 > 20 ,1,9.201460329584423
3 > 20 ,13,266.78194906173786
3 > 20 > 10 > 19 ,1,24.67863617050798
3 > 20 > 4 > 5 > 16 ,1,19.32943757152503
3 > 3 > 14 > 17 > 20 ,1,23.816623829385826
3 > 3 > 20 ,1,19.190400243446646
3 > 3 > 6 > 10 > 10 > 3 > 10 > 16 > 20 ,1,11.196582114067139
3 > 4 ,1,22.95285367413373
3 > 4 > 1 > 2 > 4 > 2 > 9 > 10 > 20 > 16 ,1,15.161263234706626
3 > 4 > 10 > 13 > 20 > 15 ,1,30.89108402798081
3 > 4 > 10 > 14 > 20 ,1,23.526821401268077
3 > 4 > 10 > 20 > 5 > 9 > 11 > 13 > 16 > 17 ,1,28.69445622330351
3 > 4 > 10 > 3 ,1,22.1931695403921
3 > 4 > 11 > 20 ,1,25.115416093672618
3 > 4 > 12 > 13 > 10 > 10 ,1,20.434871356268545
3 > 4 > 13 > 12 > 20 ,1,15.601785297258164
3 > 4 > 13 > 14 > 4 > 20 ,1,16.868253256274482
3 > 4 > 13 > 16 > 20 ,1,26.387118230587454
3 > 4 > 13 > 20 ,1,12.4059735940303
3 > 4 > 13 > 4 > 17 > 8 ,1,17.36628446353053
3 > 4 > 14 > 10 > 20 ,1,16.462795961332574
3 > 4 > 16 > 15 > 20 ,1,29.40659533021652
3 > 4 > 16 > 20 ,4,66.99328169782041
3 > 4 > 18 > 20 ,1,19.89000628457916
3 > 4 > 20 ,8,175.56002922583798
3 > 4 > 3 > 6 > 20 ,1,23.719509394468897
3 > 4 > 5 > 11 > 8 > 20 ,1,25.06022196935264
3 > 4 > 5 > 13 > 19 > 19 > 20 ,1,15.839871598061155
3 > 4 > 5 > 17 > 20 ,1,28.33236116419918
3 > 4 > 5 > 20 ,2,51.86714417265991
3 > 4 > 5 > 7 > 11 > 15 > 20 ,1,19.008866007091132
3 > 4 > 5 > 8 > 13 ,1,8.530536559167473
3 > 4 > 6 > 16 > 20 ,1,16.64305674040755
3 > 4 > 6 > 20 ,1,13.660086153331275
3 > 4 > 6 > 8 > 9 > 11 > 13 > 14 > 20 ,1,13.139674409312716
3 > 4 > 7 > 8 > 16 > 17 > 14 > 13 > 20 ,1,25.304772124840476
3 > 4 > 8 ,1,28.028504838966555
3 > 4 > 9 > 15 > 20 ,1,24.22535110738087
3 > 4 > 9 > 16 > 20 ,1,19.48376228442383
3 > 4 > 9 > 20 ,3,58.448571154709846
3 > 4 > 9 > 20 > 1 > 10 ,1,21.63550560882144
3 > 4 > 9 > 4 > 20 ,1,17.474134255794823
3 > 5 ,1,26.069815435053073
3 > 5 > 11 ,1,28.319703202609375
3 > 5 > 14 > 4 > 20 ,1,26.524382542907837
3 > 5 > 16 > 3 > 5 > 20 > 5 > 14 > 14 > 16 > 3 > 16 ,1,14.980713235470189
3 > 5 > 20 ,3,55.24826311933999
3 > 5 > 20 > 2 > 1 > 4 > 5 > 11 > 16 ,1,24.500828221735745
3 > 5 > 4 > 9 > 20 ,1,24.873667308570713
3 > 6 > 10 > 15 > 11 > 20 > 11 > 10 ,1,25.232626100738308
3 > 6 > 10 > 20 ,1,21.543011547572206
3 > 6 > 14 > 20 ,1,11.482925641687704
3 > 6 > 17 > 20 ,1,15.803347436196258
3 > 6 > 20 ,1,22.437135558613182
3 > 6 > 4 > 11 > 16 > 9 > 2 > 1 > 20 ,1,35.0922448258369
3 > 6 > 9 > 16 > 13 > 20 ,1,22.966086282500637
3 > 6 > 9 > 20 ,2,43.26032215319389
3 > 6 > 9 > 5 > 1 > 2 > 16 ,1,27.589119958188704
3 > 7 > 12 > 20 ,1,22.664867147331382
3 > 7 > 20 ,1,25.550247264148297
3 > 7 > 7 > 3 > 7 > 13 > 17 > 20 ,1,22.121858993859348
3 > 7 > 8 > 6 > 5 > 13 ,1,14.776214207444443
3 > 8 > 16 > 11 > 20 ,1,22.04914081974446
3 > 8 > 18 > 20 ,1,12.993787494569492
3 > 8 > 20 ,4,94.67790802013064
3 > 8 > 9 > 3 > 17 > 18 > 20 ,1,22.735817199185473
3 > 8 > 9 > 9 > 10 > 11 > 12 > 20 > 18 > 16 ,1,13.664331053141364
3 > 9 > 1 > 4 > 6 > 2 > 10 > 16 > 20 ,1,18.438922880307665
3 > 9 > 10 > 13 > 16 > 10 > 4 > 11 > 13 ,1,20.360914188079068
3 > 9 > 10 > 20 ,1,24.687049041592203
3 > 9 > 11 > 13 > 16 > 14 > 20 ,1,12.230822741712066
3 > 9 > 11 > 20 ,1,18.967496219375743
3 > 9 > 11 > 4 > 20 ,2,51.42481384240767
3 > 9 > 12 > 17 > 20 ,1,20.56249022364898
3 > 9 > 17 > 20 ,1,22.74793176930897
3 > 9 > 20 ,4,89.03552993131893
3 > 9 > 20 > 13 ,1,26.301201399886942
3 > 9 > 20 > 15 ,1,25.61722146285254
3 > 9 > 4 ,2,40.20399209550341
3 > 9 > 4 > 1 > 2 ,1,22.84013406488589
3 > 9 > 4 > 10 > 20 ,1,12.78807781551574
3 > 9 > 4 > 11 > 13 > 16 > 20 ,1,22.63878337914649
3 > 9 > 4 > 13 ,1,20.458642984665477
3 > 9 > 4 > 13 > 16 > 17 > 20 ,1,18.403614465776386
3 > 9 > 4 > 13 > 16 > 20 ,1,23.63782486614854
3 > 9 > 4 > 17 > 20 ,1,21.87202161903858
3 > 9 > 4 > 20 ,3,63.51408018368174
3 > 9 > 4 > 7 > 20 ,1,13.772142735100367
3 > 9 > 6 > 5 > 4 > 7 > 8 > 20 ,1,19.08109255727387
4 ,2,37.81534191628049
4 > 1 ,1,22.38138900866304
4 > 1 > 12 > 20 ,1,20.76452389354417
4 > 1 > 13 > 9 > 17 > 20 ,1,25.000758490158585
4 > 1 > 14 > 17 ,1,24.170970601691874
4 > 1 > 20 ,1,19.203151054530338
4 > 1 > 8 > 17 > 16 > 20 ,1,26.51268008241513
4 > 1 > 8 > 20 ,1,9.778255695589003
4 > 10 ,2,27.91062032595864
4 > 10 > 1 ,1,17.66262924199902
4 > 10 > 11 > 9 > 13 > 17 > 15 > 20 ,1,24.322046908886016
4 > 10 > 12 > 11 > 20 ,1,16.759711341109355
4 > 10 > 12 > 13 > 4 ,1,20.54740890775686
4 > 10 > 12 > 17 > 20 ,1,18.68852299495092
4 > 10 > 13 > 12 > 20 ,1,9.769725271867042
4 > 10 > 13 > 15 > 20 ,1,28.49002715069028
4 > 10 > 13 > 16 > 20 ,1,16.501871919242138
4 > 10 > 13 > 20 ,1,24.185919000291687
4 > 10 > 14 > 16 > 4 > 20 > 14 > 16 ,1,20.430812027544967
4 > 10 > 14 > 17 > 20 ,1,15.714646584017949
4 > 10 > 15 > 17 > 20 ,1,15.938861537691457
4 > 10 > 15 > 20 ,2,42.308141539849714
4 > 10 > 16 > 20 ,1,14.425795269960963
4 > 10 > 20 ,3,50.52060371395983
4 > 10 > 6 > 2 > 7 > 11 ,1,22.207641634467237
4 > 10 > 9 ,1,14.174460901534527
4 > 10 > 9 > 16 > 15 > 20 ,1,20.402847772924577
4 > 10 > 9 > 2 > 1 > 5 > 13 > 12 > 15 > 16 > 17 > 20 ,1,19.313165133652518
4 > 10 > 9 > 20 ,1,29.762392796496638
4 > 10 > 9 > 4 > 20 > 3 > 17 ,1,23.846433865110384
4 > 11 ,1,24.913497473584027
4 > 11 > 12 > 13 > 17 > 20 ,1,9.43513798827329
4 > 11 > 13 > 14 > 15 > 20 ,1,19.7523100797677
4 > 11 > 13 > 20 ,1,19.336121939354918
4 > 11 > 16 > 4 > 20 ,1,23.113945737795056
4 > 11 > 16 > 9 > 20 ,1,9.688278589763705
4 > 11 > 20 ,4,92.94001371705163
4 > 11 > 3 > 20 ,1,11.657186112233513
4 > 11 > 5 > 9 > 16 ,1,14.013869371063254
4 > 11 > 6 > 20 ,1,22.926238837696367
4 > 11 > 9 ,1,14.18326013341484
4 > 12 ,1,18.41619068232329
4 > 12 > 1 > 20 ,1,27.39403748993893
4 > 12 > 10 > 13 > 20 ,1,14.247229300868902
4 > 12 > 11 > 20 ,1,17.335135611804652
4 > 12 > 13 > 10 > 17 > 20 ,1,19.40181398068018
4 > 12 > 13 > 15 > 20 ,1,16.68042782588887
4 > 12 > 13 > 20 ,1,21.841185974036488
4 > 12 > 14 > 10 > 13 ,1,21.308053173238935
4 > 12 > 14 > 20 ,1,20.68733528461929
4 > 12 > 15 ,1,16.698334117392864
4 > 12 > 15 > 20 ,1,23.188666199428642
4 > 12 > 19 > 20 ,1,19.92786720010532
4 > 12 > 20 ,5,93.9663177645761
4 > 12 > 9 > 17 > 20 ,1,17.871194093924046
4 > 13 > 10 > 16 > 17 > 3 > 6 ,1,21.25762738092983
4 > 13 > 10 > 20 ,1,17.791565339751937
4 > 13 > 12 > 16 > 20 ,1,10.454938887436745
4 > 13 > 12 > 20 ,1,24.117593014942216
4 > 13 > 14 > 15 > 16 > 6 > 20 > 17 > 8 > 6 ,1,14.076513576659199
4 > 13 > 14 > 20 ,1,15.060326661129173
4 > 13 > 15 ,1,16.21880188571616
4 > 13 > 16 > 15 > 14 > 20 ,1,23.09262289592435
4 > 13 > 16 > 17 > 15 > 20 ,1,16.290747543199338
4 > 13 > 16 > 20 ,3,45.13187362054393
4 > 13 > 16 > 9 ,1,18.47388483370023
4 > 13 > 17 > 20 ,2,41.97410551418358
4 > 13 > 2 > 1 > 7 > 9 > 11 ,1,19.91537290831132
4 > 13 > 2 > 17 > 15 > 20 ,1,21.86389210440863
4 > 13 > 20 ,9,185.57547002104303
4 > 13 > 4 ,1,23.35000266280715
4 > 13 > 4 > 13 > 14 > 3 > 14 > 20 ,1,17.010228562024512
4 > 13 > 5 > 14 > 16 ,1,19.631790495649934
4 > 13 > 5 > 16 > 20 ,1,22.45715488420695
4 > 13 > 8 > 6 > 11 > 12 > 17 > 20 ,1,30.47047599737396
4 > 14 > 13 > 14 > 14 ,1,10.999250454110289
4 > 14 > 13 > 20 ,1,12.246440888981578
4 > 14 > 16 > 13 > 20 ,1,15.790338349383656
4 > 14 > 20 ,2,23.713667010369832
4 > 14 > 4 > 14 > 4 > 14 > 20 ,1,12.933443196185817
4 > 14 > 6 > 14 > 5 > 14 > 5 > 20 ,1,13.976488100145987
4 > 15 ,1,21.561056731745243
4 > 15 > 20 ,5,105.55634773844642
4 > 16 > 1 > 20 ,1,22.502520143009253
4 > 16 > 13 > 11 > 10 > 8 ,1,19.332555030747272
4 > 16 > 13 > 14 > 5 > 17 > 20 ,1,17.374049162889666
4 > 16 > 13 > 20 ,1,28.296803619247605
4 > 16 > 15 > 14 > 13 > 20 ,1,26.799619270147282
4 > 16 > 15 > 20 ,1,24.6865876139298
4 > 16 > 18 > 1 > 11 > 20 ,1,22.446873766178214
4 > 16 > 20 ,2,44.51568942699372
4 > 17 > 1 > 20 ,1,17.71081112659159
4 > 17 > 16 > 20 ,1,20.95347677456362
4 > 17 > 17 > 20 ,1,25.04940927454099
4 > 17 > 20 ,2,40.17962909409948
4 > 19 > 10 > 11 > 20 ,1,24.411542123553026
4 > 19 > 20 > 12 ,1,15.789007458793396
4 > 2 > 10 > 1 > 20 ,1,16.51356265230917
4 > 2 > 10 > 13 > 16 ,1,16.72924466894775
4 > 2 > 12 > 2 > 20 ,1,16.46340594201193
4 > 2 > 20 ,1,8.974994058460863
4 > 2 > 3 > 20 ,1,18.193221662457166
4 > 2 > 8 > 14 > 20 ,1,21.16358051507705
4 > 2 > 9 > 20 ,1,30.06475894576729
4 > 20 ,10,212.76055885487312
4 > 20 > 10 ,1,12.659037394258265
4 > 20 > 12 > 8 ,1,18.89099496901228
4 > 20 > 13 ,1,8.827524945541676
4 > 20 > 15 > 13 ,1,17.544565561001956
4 > 20 > 16 ,2,38.80742338213235
4 > 3 > 16 > 20 ,1,23.060766666729737
4 > 3 > 20 ,3,68.73076680641134
4 > 3 > 20 > 4 ,1,21.704426332069183
4 > 3 > 4 > 12 > 13 ,1,18.25449730655683
4 > 3 > 6 > 16 > 20 > 1 ,1,16.877880423422642
4 > 4 ,1,17.498580291186165
4 > 4 > 5 > 12 > 13 > 2 > 20 ,1,19.40124219466014
4 > 5 > 10 > 20 ,2,36.81940240636105
4 > 5 > 11 > 7 > 6 > 9 > 10 > 14 > 20 ,1,18.971641679248545
4 > 5 > 13 > 20 ,3,82.11038926870211
4 > 5 > 15 ,1,31.475889041395366
4 > 5 > 15 > 17 > 20 ,1,25.54572406823776
4 > 5 > 16 > 20 ,2,53.17464830514167
4 > 5 > 2 > 1 > 16 > 13 > 20 > 6 > 11 > 7 > 9 ,1,20.26077090682506
4 > 5 > 20 ,3,74.60096274366477
4 > 5 > 6 > 17 > 20 ,1,25.076074424518584
4 > 5 > 7 > 8 > 16 > 17 > 20 ,1,17.910909046306465
4 > 5 > 9 ,1,22.86834519669813
4 > 6 > 10 > 10 > 13 > 9 > 7 ,1,26.85032042969884
4 > 6 > 10 > 13 > 20 ,1,17.947768367687928
4 > 6 > 10 > 20 ,1,23.839415978079593
4 > 6 > 10 > 9 > 12 > 20 ,1,19.35608345216387
4 > 6 > 13 > 20 ,2,46.48864855993314
4 > 6 > 14 > 20 ,1,21.2397858558717
4 > 6 > 20 ,2,37.294589936554175
4 > 6 > 7 > 11 > 20 ,1,25.06904678765064
4 > 6 > 7 > 20 ,1,29.595200467736515
4 > 6 > 8 > 11 > 16 > 20 ,1,24.425549617137747
4 > 7 > 1 > 2 > 3 > 9 > 20 ,1,15.66648430695996
4 > 7 > 20 ,2,34.465587992274465
4 > 7 > 8 > 20 ,1,15.653058480052803
4 > 7 > 9 > 20 ,1,15.425778210221743
4 > 8 > 12 > 14 > 20 ,1,22.265151779983047
4 > 8 > 12 > 16 > 13 > 10 > 20 ,1,28.04902744743472
4 > 8 > 13 > 1 > 14 > 7 > 20 ,1,18.03486356807233
4 > 8 > 13 > 17 > 20 ,1,13.477835667022216
4 > 8 > 20 ,2,46.201692967540836
4 > 8 > 5 > 10 > 20 ,1,20.1444833726527
4 > 8 > 6 > 20 ,1,11.560229895982923
4 > 8 > 9 > 10 > 16 > 20 ,1,15.560217962696516
4 > 9 > 10 ,1,11.168836938284528
4 > 9 > 10 > 12 > 16 > 17 > 20 ,1,21.050597927603782
4 > 9 > 10 > 16 > 17 > 20 ,1,18.77082713100647
4 > 9 > 10 > 16 > 20 ,1,21.499289965932178
4 > 9 > 10 > 6 > 7 > 14 > 16 > 15 > 20 ,1,24.25508648101429
4 > 9 > 11 > 15 > 15 > 20 ,1,20.006033318329482
4 > 9 > 11 > 16 > 20 ,1,21.362427807839392
4 > 9 > 12 > 2 > 20 ,1,29.243545952329878
4 > 9 > 13 > 12 > 20 ,1,22.018961117406157
4 > 9 > 13 > 9 ,1,21.157341741291813
4 > 9 > 15 > 20 ,1,19.38593146818799
4 > 9 > 16 ,1,25.28585802220132
4 > 9 > 16 > 20 ,5,95.0222671933438
4 > 9 > 17 > 20 ,2,36.9502066434553
4 > 9 > 20 ,8,168.7419963322167
4 > 9 > 3 > 11 > 15 > 17 > 20 ,1,20.119789296135103
4 > 9 > 5 > 10 > 12 ,1,19.59764913378864
5 ,1,15.718329272055728
5 > 1 > 20 ,2,31.75450621677533
5 > 1 > 8 ,1,5.629418858339788
5 > 10 ,1,26.15884929652905
5 > 10 > 11 > 15 > 16 > 20 ,1,17.192590877284452
5 > 10 > 11 > 9 > 16 > 13 > 3 > 19 > 20 ,1,20.89064505455989
5 > 10 > 13 > 20 ,1,24.305068598594087
5 > 10 > 14 > 15 > 20 ,1,18.023056729442928
5 > 10 > 16 > 20 ,1,32.88475613152764
5 > 10 > 20 ,1,18.091489135356266
5 > 10 > 3 ,1,10.997471389744815
5 > 10 > 9 > 4 > 20 ,1,24.937888948067297
5 > 11 > 20 ,4,78.53109284270157
5 > 12 > 11 ,1,10.084630159750187
5 > 12 > 20 ,1,25.29309436293873
5 > 13 > 10 > 13 > 5 > 10 > 20 ,1,10.731628060258195
5 > 13 > 13 > 14 > 14 > 20 ,1,17.82760777915675
5 > 13 > 16 > 15 > 20 ,1,23.87523869105613
5 > 13 > 2 > 1 > 4 > 11 > 12 > 13 > 14 > 3 > 9 > 16 > 20 ,1,24.072338909641324
5 > 13 > 20 ,1,12.394070526743196
5 > 14 ,1,22.148805493368965
5 > 14 > 20 ,1,20.751385160560375
5 > 14 > 5 > 14 > 5 > 14 > 20 ,1,19.7091261031223
5 > 15 > 18 > 20 ,1,21.81894139661634
5 > 15 > 20 ,1,20.077993805711017
5 > 15 > 20 > 15 ,1,23.64638781135328
5 > 16 > 14 > 20 ,1,21.96720878162913
5 > 16 > 20 ,1,18.20103066769908
5 > 2 > 2 > 20 ,1,20.216045302333875
5 > 20 ,4,76.0148490263416
5 > 20 > 16 ,1,17.304052960621103
5 > 3 > 2 > 1 > 11 > 15 > 16 > 20 ,1,20.57911661035656
5 > 3 > 20 ,1,19.21587810141363
5 > 3 > 20 > 3 ,1,16.761291807542847
5 > 4 ,1,18.758559898143726
5 > 4 > 11 > 6 > 1 > 3 > 20 ,1,21.06907450763091
5 > 4 > 13 > 20 ,1,14.270536609159995
5 > 4 > 20 ,2,42.64100666318831
5 > 4 > 9 > 4 > 5 > 12 > 11 > 9 > 10 ,1,22.434298338328603
5 > 5 ,1,30.48974293596723
5 > 5 > 5 > 10 > 10 > 1 ,1,18.682523631133805
5 > 6 > 16 > 20 ,1,19.205679244505056
5 > 6 > 3 > 4 > 17 > 20 ,1,27.02709407048236
5 > 6 > 9 > 4 > 20 ,1,22.763629630780155
5 > 7 > 16 ,1,22.157299722772137
5 > 7 > 20 ,2,27.590506549336
5 > 7 > 6 > 8 > 10 > 4 ,1,20.859950792206142
5 > 8 > 11 > 14 > 13 > 13 > 4 > 20 ,1,13.631270651587474
5 > 8 > 11 > 20 ,1,18.70914289515995
5 > 8 > 20 ,1,24.722539247742336
5 > 8 > 9 > 11 > 14 > 16 > 20 ,1,23.06906825816762
5 > 9 > 12 > 4 > 17 > 20 ,1,27.320093898837854
5 > 9 > 20 > 16 ,1,26.537438944756953
6 ,1,15.448783158063339
6 > 1 > 17 > 4 ,1,31.585906438260473
6 > 1 > 2 > 3 > 4 > 5 > 20 ,1,16.999726254034492
6 > 1 > 20 ,1,17.21724073118638
6 > 1 > 4 > 11 > 3 > 20 ,1,18.093153132561298
6 > 1 > 4 > 3 > 13 > 12 > 20 ,1,18.16287355077923
6 > 10 > 1 > 17 > 6 ,1,24.245524218498957
6 > 10 > 10 > 12 > 12 > 14 > 14 > 10 ,1,17.179634232740636
6 > 10 > 11 > 20 ,1,27.283489654959666
6 > 10 > 13 > 3 > 16 > 20 ,1,19.369026686877266
6 > 10 > 3 > 11 > 8 > 4 > 20 ,1,15.189635061788643
6 > 10 > 3 > 20 ,1,22.15314850269439
6 > 12 > 14 > 6 > 17 > 20 ,1,22.599748311017898
6 > 12 > 20 ,1,21.498963078170643
6 > 13 > 20 ,1,8.999149461489868
6 > 13 > 20 > 1 ,1,29.46694583572463
6 > 16 > 16 > 20 > 17 ,1,31.134136692306896
6 > 16 > 7 > 8 > 3 > 13 > 20 ,1,20.163191017488785
6 > 2 > 20 > 5 ,1,19.255895639345475
6 > 2 > 9 > 20 ,1,10.245452911830728
6 > 20 ,2,38.38997792441096
6 > 3 > 20 ,1,16.31680523829686
6 > 3 > 20 > 9 ,1,30.16360861563067
6 > 3 > 4 > 13 > 20 ,1,21.8786596663659
6 > 3 > 7 > 8 > 5 > 4 > 11 > 9 > 16 > 17 > 20 ,1,20.181252160574218
6 > 3 > 9 > 7 > 4 > 20 ,1,17.560582171899153
6 > 4 > 1 > 20 ,1,26.15245046846478
6 > 4 > 10 > 20 ,1,14.701011101546673
6 > 4 > 13 > 16 > 20 ,1,15.214190872980017
6 > 4 > 20 ,1,21.306003266455914
6 > 4 > 3 > 13 > 11 > 13 > 20 ,1,19.078205664629746
6 > 4 > 3 > 4 > 20 > 13 ,1,19.002630520928257
6 > 4 > 5 > 3 > 1 > 11 > 9 > 20 ,1,14.207533950822935
6 > 4 > 8 > 15 > 20 ,1,19.62518394629716
6 > 4 > 9 > 16 > 20 ,1,23.051964906180412
6 > 4 > 9 > 20 ,1,18.103454723246923
6 > 5 ,1,16.565404864250272
6 > 6 > 4 > 20 ,1,17.43419522032595
6 > 6 > 9 ,1,19.091975556263076
6 > 7 ,1,17.663357716107914
6 > 7 > 11 > 17 > 18 > 20 ,1,21.10868191061118
6 > 7 > 5 ,1,21.739756530218717
6 > 7 > 8 > 4 > 9 > 10 > 2 ,1,29.871431241354117
6 > 7 > 9 > 20 ,1,15.640428981343637
6 > 8 > 20 ,1,21.650356756980127
6 > 8 > 20 > 10 > 9 ,1,15.436370921852811
6 > 9 ,1,25.104358161823026
6 > 9 > 17 ,1,26.78406871227436
6 > 9 > 20 ,1,16.779885590061564
7 > 1 > 11 > 2 > 20 ,1,17.09305024903782
7 > 1 > 2 > 9 > 7 > 4 > 3 > 10 > 12 > 13 > 5 > 8 > 11 > 16 > 17 ,1,10.108744976395245
7 > 10 > 11 > 11 > 20 ,1,27.203895754015218
7 > 10 > 12 > 16 > 4 > 20 ,1,20.669655241105197
7 > 11 > 17 > 20 ,1,22.418235953793914
7 > 11 > 5 > 4 > 15 > 16 > 20 ,1,19.300082518126217
7 > 14 > 15 > 20 ,1,17.40738408897771
7 > 18 > 20 ,1,19.609297960858147
7 > 2 > 11 > 20 ,1,14.710921125990705
7 > 20 ,1,15.496562032172093
7 > 3 > 2 > 10 > 4 > 10 > 4 > 20 ,1,13.994601814522465
7 > 4 > 11 > 12 > 17 > 20 ,1,25.452136162127903
7 > 4 > 20 ,2,41.74859737034194
7 > 6 > 10 > 4 > 9 > 3 > 16 ,1,20.781774498892965
7 > 7 > 10 > 20 > 7 ,1,24.13001390870898
7 > 7 > 6 > 20 ,1,23.393780792054933
7 > 8 > 1 > 9 > 14 > 20 ,1,19.095805884437524
7 > 8 > 11 > 12 > 1 > 13 > 20 ,1,29.056240606116184
7 > 8 > 17 > 7 > 20 ,1,19.07057331386729
7 > 8 > 4 > 20 ,1,23.358350073552245
7 > 9 ,1,21.336764365977373
7 > 9 > 1 > 2 > 3 > 4 > 16 > 17 > 8 > 20 ,1,25.473462401626
7 > 9 > 16 > 17 > 12 > 4 > 20 ,1,20.95885703589272
7 > 9 > 18 > 13 > 20 ,1,19.97366440409968
7 > 9 > 20 ,1,26.5441801989067
8 > 1 > 3 > 2 > 20 ,1,20.884147302957317
8 > 10 > 11 > 16 > 15 > 17 > 5 ,1,15.715534397295123
8 > 10 > 11 > 3 > 1 > 18 > 2 > 20 > 13 > 12 ,1,23.580244985269506
8 > 10 > 20 ,1,19.551380531056047
8 > 11 > 20 ,1,18.652946368740388
8 > 12 > 11 > 11 > 9 > 10 > 15 > 9 > 3 > 1 > 5 > 11 > 16 > 15 > 14 > 5 > 20 ,1,19.917648810863458
8 > 12 > 17 > 20 ,1,12.979432194474986
8 > 12 > 2 > 10 > 20 ,1,11.266243285729908
8 > 12 > 8 > 12 > 8 > 12 > 20 ,1,13.514704666565457
8 > 13 > 1 > 20 ,1,15.130968628199414
8 > 13 > 13 > 8 > 20 ,1,28.254881465601493
8 > 13 > 15 > 20 ,1,16.681033530120004
8 > 13 > 16 > 17 > 20 ,1,12.696401070008278
8 > 13 > 2 > 4 > 12 > 17 > 20 ,1,15.19635591821613
8 > 13 > 20 ,1,22.612734152036673
8 > 13 > 4 > 2 > 1 > 20 ,1,23.959857458404972
8 > 13 > 8 ,1,25.0342993182704
8 > 14 > 16 > 16 > 20 ,1,14.21215691655291
8 > 14 > 16 > 20 ,1,24.828145528530495
8 > 15 > 14 > 8 > 10 > 20 ,1,16.487065219571107
8 > 15 > 17 > 20 ,1,19.724780520959552
8 > 15 > 20 ,1,15.636261605186643
8 > 16 > 12 > 16 > 16 > 3 > 14 ,1,24.58704776171371
8 > 16 > 5 > 14 > 20 ,1,23.812383952645444
8 > 17 > 12 > 17 > 7 > 10 > 20 ,1,13.641695380917039
8 > 17 > 20 ,1,23.749294331215253
8 > 17 > 4 > 3 > 6 > 11 > 15 > 20 ,1,15.95834244673907
8 > 19 > 20 ,1,8.419170938966484
8 > 2 > 13 > 20 ,1,28.814965944586
8 > 2 > 20 ,1,20.347456879886874
8 > 2 > 4 > 13 > 9 > 11 > 16 > 17 > 20 ,1,19.88556804299538
8 > 20 ,2,43.29021686809331
8 > 20 > 10 > 9 ,1,22.910024429523716
8 > 3 > 10 > 12 > 10 > 16 > 15 > 20 ,1,24.725478211666456
8 > 3 > 4 > 11 > 10 > 16 > 20 ,1,14.050772603233046
8 > 4 > 13 > 16 > 17 > 15 > 13 > 20 ,1,24.591542956256045
8 > 4 > 13 > 20 ,1,7.944639270586947
8 > 4 > 16 > 20 ,1,26.367895134143392
8 > 4 > 20 ,1,17.782146745350264
8 > 4 > 6 > 9 ,1,17.46975003170513
8 > 5 > 10 ,1,21.94032337789981
8 > 5 > 11 > 12 > 15 > 6 > 9 > 4 > 16 > 20 ,1,20.75603177783228
8 > 5 > 9 > 13 > 17 > 15 > 20 ,1,27.82795437852136
8 > 6 > 20 ,1,21.055459221531066
8 > 7 > 20 ,1,22.8183423036038
8 > 7 > 3 > 4 > 8 ,1,23.260045937838626
8 > 8 > 12 > 14 > 18 > 18 > 20 ,1,19.961132642545802
8 > 8 > 16 > 20 > 9 ,1,18.82324072271824
8 > 8 > 20 > 17 > 8 > 6 ,1,16.77002729840241
8 > 8 > 8 > 20 ,1,19.06559391127112
8 > 9 > 10 > 4 ,1,21.44636993588854
8 > 9 > 11 ,1,19.98947237862522
8 > 9 > 13 > 20 ,1,17.412676636076945
8 > 9 > 14 > 20 ,1,20.92573305819074
8 > 9 > 20 ,1,18.920680248388685
9 ,2,39.497441868352624
9 > 1 > 10 > 13 > 16 ,1,15.68560343164813
9 > 1 > 4 > 13 > 20 ,2,47.00770967039603
9 > 1 > 5 > 20 ,1,16.074263668053394
9 > 1 > 6 > 10 > 13 ,1,18.976294138307225
9 > 10 ,1,18.13609803224191
9 > 10 > 1 > 20 ,1,26.641726099680852
9 > 10 > 11 ,1,19.45710184300796
9 > 10 > 11 > 12 > 4 > 20 ,1,19.934069270089473
9 > 10 > 11 > 17 > 20 ,1,19.197158435093005
9 > 10 > 11 > 20 > 10 ,1,14.422971573904938
9 > 10 > 14 > 20 ,1,20.461121156625012
9 > 10 > 16 > 20 ,1,22.653699485408556
9 > 10 > 20 ,7,127.23417032465368
9 > 10 > 20 > 11 ,1,21.590442760237902
9 > 10 > 3 > 20 ,1,19.65355038213435
9 > 10 > 4 > 13 > 3 > 7 > 9 > 20 ,1,21.71827848189913
9 > 10 > 4 > 20 ,1,19.07371932320875
9 > 10 > 4 > 5 > 13 > 14 > 20 ,1,17.97563169961174
9 > 10 > 5 > 13 ,1,16.575429215643936
9 > 10 > 6 > 11 > 16 > 17 > 20 ,1,17.32716535994537
9 > 10 > 9 > 7 > 16 ,1,28.509447715549285
9 > 11 > 10 > 2 > 16 > 15 > 13 > 2 > 20 > 15 ,1,24.44809691438131
9 > 11 > 12 > 20 ,1,20.001732986409273
9 > 11 > 15 > 20 ,1,24.072492614002854
9 > 11 > 16 > 20 ,2,35.618657795176105
9 > 11 > 17 > 8 > 3 > 15 > 17 > 10 ,1,18.644330623764038
9 > 11 > 2 > 4 > 16 ,1,21.813993700645202
9 > 11 > 20 ,3,56.92093627142221
9 > 11 > 3 > 20 ,1,11.644273681221357
9 > 11 > 4 > 12 > 17 > 20 ,1,25.343425042211376
9 > 11 > 4 > 13 ,1,20.16187413600714
9 > 11 > 4 > 20 ,4,83.79001278686255
9 > 11 > 4 > 5 > 1 > 10 > 4 > 5 > 3 > 11 ,1,23.310552834701838
9 > 11 > 4 > 5 > 6 > 8 > 16 > 17 > 20 ,1,9.600453737693723
9 > 11 > 6 > 4 > 13 > 20 ,1,18.916676941963175
9 > 11 > 7 > 13 > 12 ,1,20.22528030727326
9 > 12 ,1,18.842734545065746
9 > 12 > 2 > 8 > 10 > 20 ,1,15.043656638097339
9 > 12 > 20 ,4,67.41622640253472
9 > 12 > 5 > 13 > 16 > 20 ,1,14.303853888101408
9 > 13 ,1,6.2597247730059316
9 > 13 > 10 > 20 ,2,42.475129717056795
9 > 13 > 14 > 20 ,1,17.309852512660093
9 > 13 > 15 > 20 ,1,22.449062785885143
9 > 13 > 20 ,3,60.88241280907663
9 > 13 > 20 > 15 ,1,18.063673188849812
9 > 13 > 20 > 16 > 15 ,1,15.19083719206323
9 > 13 > 4 > 20 ,2,51.045768549713046
9 > 13 > 4 > 3 > 20 ,1,18.708229175176395
9 > 14 > 20 ,2,33.99322643673144
9 > 15 ,1,22.684978734705044
9 > 15 > 20 ,1,16.660232624008252
9 > 15 > 4 > 17 > 4 > 20 ,1,26.767303824767446
9 > 16 > 10 ,1,23.32316757066566
9 > 16 > 10 > 4 > 3 > 1 > 20 > 13 > 15 > 3 ,1,20.107167521701683
9 > 16 > 13 > 4 > 15 ,1,21.538215096242457
9 > 16 > 15 > 20 ,1,15.225725571889988
9 > 16 > 17 > 15 > 20 ,1,21.623238018239565
9 > 16 > 17 > 20 ,1,27.00526006588389
9 > 16 > 17 > 4 > 20 ,1,12.520362133777905
9 > 16 > 20 ,9,176.85997610412232
9 > 16 > 20 > 9 ,1,26.37535697842575
9 > 16 > 4 > 17 > 20 ,1,17.90162974446871
9 > 16 > 9 > 5 > 4 > 1 > 20 ,1,10.972045158305326
9 > 17 > 15 > 12 > 4 > 13 > 20 ,1,13.997581705149582
9 > 17 > 2 > 20 ,1,20.123366364295087
9 > 17 > 20 ,3,62.353409038890184
9 > 2 > 1 > 16 ,1,19.63959322766092
9 > 2 > 1 > 16 > 15 > 4 ,1,24.118455854639016
9 > 2 > 1 > 16 > 17 ,1,25.08639971423905
9 > 2 > 1 > 3 > 9 > 10 > 16 > 17 > 17 ,1,22.775351458205492
9 > 2 > 1 > 3 > 9 > 11 > 13 > 12 > 4 > 19 > 16 > 15 ,1,17.275853136277124
9 > 2 > 13 ,1,23.550843749126383
9 > 2 > 16 > 20 ,1,23.29624472416889
9 > 2 > 17 > 20 ,1,19.390749546956823
9 > 2 > 20 ,2,35.2834028253749
9 > 2 > 4 > 10 > 20 ,1,26.323199506533157
9 > 2 > 4 > 16 > 17 > 20 ,1,16.52990419403476
9 > 2 > 9 > 20 ,1,25.255343377878454
9 > 20 ,6,136.37086518734034
9 > 20 > 10 ,1,19.434182009821686
9 > 20 > 13 > 12 ,1,17.749160253486362
9 > 20 > 13 > 17 ,1,14.65004289282873
9 > 20 > 16 ,3,67.79784190938031
9 > 20 > 16 > 4 > 11 > 1 > 19 ,1,20.61140931380919
9 > 20 > 17 ,1,28.362730437279964
9 > 20 > 3 ,1,13.701976386374211
9 > 20 > 4 > 5 ,2,49.2853089596926
9 > 20 > 6 ,1,25.9282349753179
9 > 3 ,1,14.109041512934038
9 > 3 > 10 > 20 ,1,14.972973460587514
9 > 3 > 10 > 4 > 6 > 7 > 8 > 11 > 1 > 3 > 20 ,1,17.05669075114986
9 > 3 > 11 > 4 > 10 > 13 > 20 ,1,17.760939346089653
9 > 3 > 11 > 4 > 16 > 17 > 15 > 20 ,1,28.600476931124028
9 > 3 > 13 > 12 > 11 > 4 > 5 > 6 > 8 > 14 > 16 > 20 ,1,18.456392221869365
9 > 3 > 16 ,2,43.03750418670991
9 > 3 > 16 > 17 > 20 ,1,17.80265618913682
9 > 3 > 16 > 20 > 16 > 9 > 16 ,1,17.651380230031183
9 > 3 > 2 > 10 > 5 > 13 > 6 > 7 > 7 > 20 ,1,29.894741298689908
9 > 3 > 2 > 4 > 10 > 16 > 13 ,1,22.746988140882593
9 > 3 > 20 ,3,48.38856641697794
9 > 3 > 4 ,1,28.147176978217562
9 > 3 > 4 > 11 > 10 ,1,12.2748791302177
9 > 3 > 4 > 15 > 20 ,1,26.79348931910649
9 > 3 > 4 > 6 > 9 > 20 ,1,12.288790903295501
9 > 3 > 4 > 9 > 16 > 10 > 20 ,1,23.765540793854377
9 > 3 > 6 > 10 ,1,16.18641882834199
9 > 4 ,4,81.73641585887744
9 > 4 > 1 > 16 > 20 ,1,16.476783158260794
9 > 4 > 10 > 13 > 3 > 13 > 20 ,1,20.239616767885405
9 > 4 > 10 > 16 > 20 ,1,13.550736259010886
9 > 4 > 10 > 20 ,2,53.94141197784281
9 > 4 > 10 > 4 > 20 ,1,20.916602263878502
9 > 4 > 10 > 9 > 4 ,1,16.65307421810597
9 > 4 > 10 > 9 > 4 > 9 > 4 ,1,17.518784174089834
9 > 4 > 11 > 13 > 16 ,1,23.742769312964978
9 > 4 > 11 > 13 > 20 ,1,17.531103483562443
9 > 4 > 11 > 16 > 11 > 20 ,1,17.493764649452814
9 > 4 > 11 > 20 ,5,105.65931007726964
9 > 4 > 11 > 6 > 7 > 11 ,1,21.261863324657988
9 > 4 > 12 > 10 > 20 ,1,17.61147499157872
9 > 4 > 13 > 16 > 15 > 17 > 20 ,1,17.385141216925827
9 > 4 > 13 > 16 > 17 > 11 > 20 ,1,32.37681389248428
9 > 4 > 13 > 20 ,4,91.06047721694927
9 > 4 > 13 > 20 > 16 ,1,10.153363839522807
9 > 4 > 13 > 5 > 10 > 20 ,1,15.824292389244025
9 > 4 > 15 > 20 ,1,27.28975670980232
9 > 4 > 16 ,2,49.21540354732494
9 > 4 > 16 > 15 > 20 ,1,25.76160955384617
9 > 4 > 16 > 17 > 4 > 20 ,1,24.504054639940172
9 > 4 > 16 > 20 ,3,71.17939026150202
9 > 4 > 17 > 20 ,1,17.086479644528136
9 > 4 > 2 > 9 > 20 ,1,20.92718333608557
9 > 4 > 20 ,15,307.7740307117026
9 > 4 > 20 > 1 > 10 ,1,20.34004828748304
9 > 4 > 20 > 9 ,1,15.93234410941566
9 > 4 > 3 ,1,19.663188255661293
9 > 4 > 3 > 15 > 20 ,1,23.14335698158907
9 > 4 > 3 > 16 ,1,24.936031004314554
9 > 4 > 3 > 16 > 13 > 20 ,1,24.56746872241082
9 > 4 > 3 > 16 > 20 ,1,22.548889158971548
9 > 4 > 3 > 5 > 12 > 20 > 9 ,1,21.711848808352727
9 > 4 > 3 > 8 > 6 ,1,24.47655117859933
9 > 4 > 5 > 12 > 13 > 9 > 20 ,1,23.393702653412998
9 > 4 > 5 > 6 > 11 > 10 > 9 ,1,19.706362034238037
9 > 4 > 5 > 7 ,1,32.431704513199065
9 > 4 > 5 > 8 > 3 > 1 > 6 > 7 > 10 > 11 ,1,17.29727507358573
9 > 4 > 6 ,1,5.377500095165363
9 > 4 > 6 > 10 > 11 > 17 > 20 ,1,22.400472438748164
9 > 4 > 6 > 5 > 16 > 17 > 14 > 10 > 20 ,1,12.019849468509609
9 > 4 > 6 > 9 > 20 ,1,20.473106288551115
9 > 4 > 9 > 16 > 15 > 9 > 4 > 4 > 10 ,1,28.616245462214316
9 > 5 > 10 > 20 ,1,13.110231575990657
9 > 5 > 20 ,2,49.95117246258691
9 > 6 > 10 > 15 > 20 ,1,20.35803867477295
9 > 6 > 10 > 16 > 20 ,1,25.506775268829475
9 > 6 > 11 > 4 > 12 > 13 > 20 ,1,22.175459292054253
9 > 6 > 3 > 11 > 9 > 20 ,1,16.32388402002532
9 > 7 > 8 > 14 > 11 > 20 ,1,24.426278544165537
9 > 8 > 11 ,1,23.034648493286745
9 > 8 > 16 > 20 ,1,29.290610779875845
9 > 8 > 20 ,2,53.845180346187774
9 > 8 > 6 > 20 ,1,13.120728871592744
9 > 9 ,1,13.974826346187907
9 > 9 > 11 > 13 > 15 > 16 > 20 ,1,19.08590038483747
9 > 9 > 11 > 4 ,1,20.727767760834418
9 > 9 > 12 > 9 > 20 ,1,19.01230360120184
9 > 9 > 20 ,1,21.69874223937496
9 > 9 > 20 > 10 > 16 > 17 > 9 > 8 > 1 > 13 ,1,20.448563872201365
9 > 9 > 4 > 20 ,1,23.748523608720582
9 > 9 > 4 > 3 > 9 > 20 ,1,16.735636095226482
9 > 9 > 4 > 6 > 4 ,1,24.580192572183318
9 > 9 > 5 > 13 > 16 ,1,20.893153490527364
9 > 9 > 6 ,1,24.163958016909827
9 > 9 > 9 > 17 > 17 > 20 ,1,17.546632671024092
